filename	Volunteer ID	ATTRIBUTE_BodyPart
1m__BA10_01_915.mzXML	Volunteer 1 Man 1	Headtop
1m__BA11_01_916.mzXML	Volunteer 1 Man 1	Headback
1m__BA12_01_917.mzXML	Volunteer 1 Man 1	Headback
1m__BA1_01_906.mzXML	Volunteer 1 Man 1	Headtop
1m__BA2_01_907.mzXML	Volunteer 1 Man 1	Headtop
1m__BA3_01_908.mzXML	Volunteer 1 Man 1	Headtop
1m__BA4_01_909.mzXML	Volunteer 1 Man 1	Headtop
1m__BA5_01_910.mzXML	Volunteer 1 Man 1	Headtop
1m__BA6_01_911.mzXML	Volunteer 1 Man 1	Headtop
1m__BA7_01_912.mzXML	Volunteer 1 Man 1	Headtop
1m__BA8_01_913.mzXML	Volunteer 1 Man 1	Headtop
1m__BA9_01_914.mzXML	Volunteer 1 Man 1	Headtop
1m__BB10_01_927.mzXML	Volunteer 1 Man 1	Ear
1m__BB11_01_928.mzXML	Volunteer 1 Man 1	Ear
1m__BB12_01_929.mzXML	Volunteer 1 Man 1	Ear
1m__BB1_01_918.mzXML	Volunteer 1 Man 1	Headback
1m__BB2_01_919.mzXML	Volunteer 1 Man 1	Headback
1m__BB3_01_920.mzXML	Volunteer 1 Man 1	Headback
1m__BB4_01_921.mzXML	Volunteer 1 Man 1	Headback
1m__BB5_01_922.mzXML	Volunteer 1 Man 1	Headback
1m__BB6_01_923.mzXML	Volunteer 1 Man 1	Headback
1m__BB7_01_924.mzXML	Volunteer 1 Man 1	Headback
1m__BB8_01_925.mzXML	Volunteer 1 Man 1	Headback
1m__BB9_01_926.mzXML	Volunteer 1 Man 1	Ear
1m__BC10_01_939.mzXML	Volunteer 1 Man 1	Face
1m__BC11_01_940.mzXML	Volunteer 1 Man 1	Face
1m__BC12_01_941.mzXML	Volunteer 1 Man 1	Face
1m__BC1_01_930.mzXML	Volunteer 1 Man 1	Face
1m__BC2_01_931.mzXML	Volunteer 1 Man 1	Face
1m__BC3_01_932.mzXML	Volunteer 1 Man 1	Headback
1m__BC4_01_933.mzXML	Volunteer 1 Man 1	Face
1m__BC5_01_934.mzXML	Volunteer 1 Man 1	Face
1m__BC6_01_935.mzXML	Volunteer 1 Man 1	Face
1m__BC7_01_936.mzXML	Volunteer 1 Man 1	Face
1m__BC8_01_937.mzXML	Volunteer 1 Man 1	Face
1m__BC9_01_938.mzXML	Volunteer 1 Man 1	Face
1m__BD10_01_951.mzXML	Volunteer 1 Man 1	Face
1m__BD11_01_952.mzXML	Volunteer 1 Man 1	Face
1m__BD12_01_953.mzXML	Volunteer 1 Man 1	Face
1m__BD1_01_942.mzXML	Volunteer 1 Man 1	Face
1m__BD2_01_943.mzXML	Volunteer 1 Man 1	Face
1m__BD3_01_944.mzXML	Volunteer 1 Man 1	Face
1m__BD4_01_945.mzXML	Volunteer 1 Man 1	Face
1m__BD5_01_946.mzXML	Volunteer 1 Man 1	Face
1m__BD6_01_947.mzXML	Volunteer 1 Man 1	Face
1m__BD7_01_948.mzXML	Volunteer 1 Man 1	Face
1m__BD8_01_949.mzXML	Volunteer 1 Man 1	Face
1m__BD9_01_950.mzXML	Volunteer 1 Man 1	Face
1m__BE10_01_963.mzXML	Volunteer 1 Man 1	Lips
1m__BE11_01_964.mzXML	Volunteer 1 Man 1	Face
1m__BE12_01_965.mzXML	Volunteer 1 Man 1	Face
1m__BE1_01_954.mzXML	Volunteer 1 Man 1	Face
1m__BE2_01_955.mzXML	Volunteer 1 Man 1	Face
1m__BE3_01_956.mzXML	Volunteer 1 Man 1	Lips
1m__BE4_01_957.mzXML	Volunteer 1 Man 1	Lips
1m__BE5_01_958.mzXML	Volunteer 1 Man 1	Lips
1m__BE6_01_959.mzXML	Volunteer 1 Man 1	Lips
1m__BE7_01_960.mzXML	Volunteer 1 Man 1	Lips
1m__BE8_01_961.mzXML	Volunteer 1 Man 1	Lips
1m__BE9_01_962.mzXML	Volunteer 1 Man 1	Lips
1m__BF10_01_975.mzXML	Volunteer 1 Man 1	Lips
1m__BF11_01_976.mzXML	Volunteer 1 Man 1	Face
1m__BF12_01_977.mzXML	Volunteer 1 Man 1	Headback
1m__BF1_01_966.mzXML	Volunteer 1 Man 1	Face
1m__BF2_01_967.mzXML	Volunteer 1 Man 1	Face
1m__BF3_01_968.mzXML	Volunteer 1 Man 1	Face
1m__BF4_01_969.mzXML	Volunteer 1 Man 1	Face
1m__BF5_01_970.mzXML	Volunteer 1 Man 1	Face
1m__BF6_01_971.mzXML	Volunteer 1 Man 1	Face
1m__BF7_01_972.mzXML	Volunteer 1 Man 1	Face
1m__BF8_01_973.mzXML	Volunteer 1 Man 1	Face
1m__BF9_01_974.mzXML	Volunteer 1 Man 1	Face
1m__BG10_01_987.mzXML	Volunteer 1 Man 1	Shoulderfront
1m__BG11_01_988.mzXML	Volunteer 1 Man 1	Shoulderfront
1m__BG12_01_989.mzXML	Volunteer 1 Man 1	Shoulderfront
1m__BG1_01_978.mzXML	Volunteer 1 Man 1	Shoulderback
1m__BG2_01_979.mzXML	Volunteer 1 Man 1	Shoulderback
1m__BG3_01_980.mzXML	Volunteer 1 Man 1	Shoulderback
1m__BG4_01_981.mzXML	Volunteer 1 Man 1	Shoulderback
1m__BG5_01_982.mzXML	Volunteer 1 Man 1	Shoulderback
1m__BG6_01_983.mzXML	Volunteer 1 Man 1	Shoulderback
1m__BG7_01_984.mzXML	Volunteer 1 Man 1	Shoulderback
1m__BG8_01_985.mzXML	Volunteer 1 Man 1	Shoulderfront
1m__BG9_01_986.mzXML	Volunteer 1 Man 1	Shoulderfront
1m__BH10_01_999.mzXML	Volunteer 1 Man 1	Pectoral
1m__BH11_01_1000.mzXML	Volunteer 1 Man 1	Pectoral
1m__BH12_01_1001.mzXML	Volunteer 1 Man 1	Pectoral
1m__BH1_01_990.mzXML	Volunteer 1 Man 1	Pectoral
1m__BH2_01_991.mzXML	Volunteer 1 Man 1	Pectoral
1m__BH3_01_992.mzXML	Volunteer 1 Man 1	Pectoral
1m__BH4_01_993.mzXML	Volunteer 1 Man 1	Pectoral
1m__BH5_01_994.mzXML	Volunteer 1 Man 1	Pectoral
1m__BH6_01_995.mzXML	Volunteer 1 Man 1	Pectoral
1m__BH7_01_996.mzXML	Volunteer 1 Man 1	Pectoral
1m__BH8_01_997.mzXML	Volunteer 1 Man 1	Pectoral
1m__BH9_01_998.mzXML	Volunteer 1 Man 1	Pectoral
2m__BA10_01_1015.mzXML	Volunteer 1 Man 1	Handfront
2m__BA11_01_1016.mzXML	Volunteer 1 Man 1	Handfront
2m__BA12_01_1017.mzXML	Volunteer 1 Man 1	Handfront
2m__BA1_01_1006.mzXML	Volunteer 1 Man 1	Handfront
2m__BA2_01_1007.mzXML	Volunteer 1 Man 1	Handfront
2m__BA3_01_1008.mzXML	Volunteer 1 Man 1	Handfront
2m__BA4_01_1009.mzXML	Volunteer 1 Man 1	Handfront
2m__BA5_01_1010.mzXML	Volunteer 1 Man 1	Handfront
2m__BA6_01_1011.mzXML	Volunteer 1 Man 1	Handfront
2m__BA7_01_1012.mzXML	Volunteer 1 Man 1	Handfront
2m__BA8_01_1013.mzXML	Volunteer 1 Man 1	Handfront
2m__BA9_01_1014.mzXML	Volunteer 1 Man 1	Handfront
2m__BB10_01_1027.mzXML	Volunteer 1 Man 1	Handfront
2m__BB11_01_1028.mzXML	Volunteer 1 Man 1	Handfront
2m__BB12_01_1029.mzXML	Volunteer 1 Man 1	Handfront
2m__BB1_01_1018.mzXML	Volunteer 1 Man 1	Handfront
2m__BB2_01_1019.mzXML	Volunteer 1 Man 1	Handfront
2m__BB3_01_1020.mzXML	Volunteer 1 Man 1	Handfront
2m__BB4_01_1021.mzXML	Volunteer 1 Man 1	Handfront
2m__BB5_01_1022.mzXML	Volunteer 1 Man 1	Handfront
2m__BB6_01_1023.mzXML	Volunteer 1 Man 1	Handfront
2m__BB7_01_1024.mzXML	Volunteer 1 Man 1	Handfront
2m__BB8_01_1025.mzXML	Volunteer 1 Man 1	Handfront
2m__BB9_01_1026.mzXML	Volunteer 1 Man 1	Handfront
2m__BC10_01_1039.mzXML	Volunteer 1 Man 1	Handback
2m__BC11_01_1040.mzXML	Volunteer 1 Man 1	Handback
2m__BC12_01_1041.mzXML	Volunteer 1 Man 1	Handback
2m__BC1_01_1030.mzXML	Volunteer 1 Man 1	Handfront
2m__BC2_01_1031.mzXML	Volunteer 1 Man 1	Handfront
2m__BC3_01_1032.mzXML	Volunteer 1 Man 1	Handfront
2m__BC4_01_1033.mzXML	Volunteer 1 Man 1	Handfront
2m__BC5_01_1034.mzXML	Volunteer 1 Man 1	Handfront
2m__BC6_01_1035.mzXML	Volunteer 1 Man 1	Handfront
2m__BC7_01_1036.mzXML	Volunteer 1 Man 1	Handfront
2m__BC8_01_1037.mzXML	Volunteer 1 Man 1	Handfront
2m__BC9_01_1038.mzXML	Volunteer 1 Man 1	Handback
2m__BD10_01_1051.mzXML	Volunteer 1 Man 1	Handback
2m__BD11_01_1052.mzXML	Volunteer 1 Man 1	Handback
2m__BD12_01_1053.mzXML	Volunteer 1 Man 1	Handback
2m__BD1_01_1042.mzXML	Volunteer 1 Man 1	Handback
2m__BD2_01_1043.mzXML	Volunteer 1 Man 1	Handback
2m__BD3_01_1044.mzXML	Volunteer 1 Man 1	Handback
2m__BD4_01_1045.mzXML	Volunteer 1 Man 1	Handback
2m__BD5_01_1046.mzXML	Volunteer 1 Man 1	Handback
2m__BD6_01_1047.mzXML	Volunteer 1 Man 1	Handback
2m__BD7_01_1048.mzXML	Volunteer 1 Man 1	Handback
2m__BD8_01_1049.mzXML	Volunteer 1 Man 1	Handback
2m__BD9_01_1050.mzXML	Volunteer 1 Man 1	Handback
2m__BE10_01_1063.mzXML	Volunteer 1 Man 1	Arm
2m__BE11_01_1064.mzXML	Volunteer 1 Man 1	Arm
2m__BE12_01_1065.mzXML	Volunteer 1 Man 1	Arm
2m__BE1_01_1054.mzXML	Volunteer 1 Man 1	Handback
2m__BE2_01_1055.mzXML	Volunteer 1 Man 1	Handback
2m__BE3_01_1056.mzXML	Volunteer 1 Man 1	Handback
2m__BE4_01_1057.mzXML	Volunteer 1 Man 1	Handback
2m__BE5_01_1058.mzXML	Volunteer 1 Man 1	Handback
2m__BE6_01_1059.mzXML	Volunteer 1 Man 1	Handback
2m__BE7_01_1060.mzXML	Volunteer 1 Man 1	Handback
2m__BE8_01_1061.mzXML	Volunteer 1 Man 1	Handback
2m__BE9_01_1062.mzXML	Volunteer 1 Man 1	Handback
2m__BF1_01_1066.mzXML	Volunteer 1 Man 1	Arm
2m__BF2_01_1067.mzXML	Volunteer 1 Man 1	Arm
2m__BF3_01_1068.mzXML	Volunteer 1 Man 1	Arm
2m__BF4_01_1069.mzXML	Volunteer 1 Man 1	Arm
2m__BF5_01_1070.mzXML	Volunteer 1 Man 1	Arm
2m__BF6_01_1071.mzXML	Volunteer 1 Man 1	Arm
2m__BF7_01_1072.mzXML	Volunteer 1 Man 1	Arm
2m__BF8_01_1073.mzXML	Volunteer 1 Man 1	Arm
2m__BF9_01_1074.mzXML	Volunteer 1 Man 1	Arm
2m__BF10_01_1075.mzXML	Volunteer 1 Man 1	Arm
2m__BF11_01_1076.mzXML	Volunteer 1 Man 1	Arm
2m__BF12_01_1077.mzXML	Volunteer 1 Man 1	Arm
2m__BG1_01_1078.mzXML	Volunteer 1 Man 1	Blank
2m__BG2_01_1079.mzXML	Volunteer 1 Man 1	Arm
2m__BG3_01_1080.mzXML	Volunteer 1 Man 1	Arm
2m__BG4_01_1081.mzXML	Volunteer 1 Man 1	Arm
2m__BG5_01_1082.mzXML	Volunteer 1 Man 1	Blank
2m__BG6_01_1083.mzXML	Volunteer 1 Man 1	Blank
2m__BG7_01_1084.mzXML	Volunteer 1 Man 1	Blank
2m__BG8_01_1085.mzXML	Volunteer 1 Man 1	Blank
2m__BG9_01_1086.mzXML	Volunteer 1 Man 1	Blank
2m__BG10_01_1087.mzXML	Volunteer 1 Man 1	Blank
2m__BG11_01_1088.mzXML	Volunteer 1 Man 1	Blank
2m__BG12_01_1089.mzXML	Volunteer 1 Man 1	Blank
2m__BH1_01_1090.mzXML	Volunteer 1 Man 1	Arm
2m__BH2_01_1091.mzXML	Volunteer 1 Man 1	Side
2m__BH3_01_1092.mzXML	Volunteer 1 Man 1	Side
2m__BH4_01_1093.mzXML	Volunteer 1 Man 1	Side
2m__BH5_01_1094.mzXML	Volunteer 1 Man 1	Side
2m__BH6_01_1095.mzXML	Volunteer 1 Man 1	Negative control
2m__BH7_01_1096.mzXML	Volunteer 1 Man 1	Negative control
2m__BH8_01_1097.mzXML	Volunteer 1 Man 1	Negative control
2m__BH9_01_1098.mzXML	Volunteer 1 Man 1	Negative control
2m__BH10_01_1099.mzXML	Volunteer 1 Man 1	Negative control
2m__BH11_01_1100.mzXML	Volunteer 1 Man 1	Negative control
2m__BH12_01_1101.mzXML	Volunteer 1 Man 1	Negative control
3m__BA1_01_1106.mzXML	Volunteer 1 Man 1	Legfront
3m__BA2_01_1107.mzXML	Volunteer 1 Man 1	Legfront
3m__BA3_01_1108.mzXML	Volunteer 1 Man 1	Legfront
3m__BA4_01_1109.mzXML	Volunteer 1 Man 1	Legfront
3m__BA5_01_1110.mzXML	Volunteer 1 Man 1	Legfront
3m__BA6_01_1111.mzXML	Volunteer 1 Man 1	Legfront
3m__BA7_01_1112.mzXML	Volunteer 1 Man 1	Legfront
3m__BA8_01_1113.mzXML	Volunteer 1 Man 1	Legfront
3m__BA9_01_1114.mzXML	Volunteer 1 Man 1	Legfront
3m__BA10_01_1115.mzXML	Volunteer 1 Man 1	Legfront
3m__BA11_01_1116.mzXML	Volunteer 1 Man 1	Legfront
3m__BA12_01_1117.mzXML	Volunteer 1 Man 1	Legfront
3m__BB1_01_1118.mzXML	Volunteer 1 Man 1	Legfront
3m__BB2_01_1119.mzXML	Volunteer 1 Man 1	Legfront
3m__BB3_01_1120.mzXML	Volunteer 1 Man 1	Legfront
3m__BB4_01_1121.mzXML	Volunteer 1 Man 1	Legfront
3m__BB5_01_1122.mzXML	Volunteer 1 Man 1	Legfront
3m__BB6_01_1123.mzXML	Volunteer 1 Man 1	Legfront
3m__BB7_01_1124.mzXML	Volunteer 1 Man 1	Legfront
3m__BB8_01_1125.mzXML	Volunteer 1 Man 1	Legfront
3m__BB9_01_1126.mzXML	Volunteer 1 Man 1	Legfront
3m__BB10_01_1127.mzXML	Volunteer 1 Man 1	Legfront
3m__BB11_01_1128.mzXML	Volunteer 1 Man 1	Legfront
3m__BB12_01_1129.mzXML	Volunteer 1 Man 1	Foottop
3m__BC1_01_1130.mzXML	Volunteer 1 Man 1	Foottop
3m__BC2_01_1131.mzXML	Volunteer 1 Man 1	Foottop
3m__BC3_01_1132.mzXML	Volunteer 1 Man 1	Foottop
3m__BC4_01_1133.mzXML	Volunteer 1 Man 1	Foottop
3m__BC5_01_1134.mzXML	Volunteer 1 Man 1	Foottop
3m__BC6_01_1135.mzXML	Volunteer 1 Man 1	Foottop
3m__BC7_01_1136.mzXML	Volunteer 1 Man 1	Foottop
3m__BC8_01_1137.mzXML	Volunteer 1 Man 1	Foottop
3m__BC9_01_1138.mzXML	Volunteer 1 Man 1	Foottop
3m__BC10_01_1139.mzXML	Volunteer 1 Man 1	Foottop
3m__BC11_01_1140.mzXML	Volunteer 1 Man 1	Foottop
3m__BC12_01_1141.mzXML	Volunteer 1 Man 1	Foottop
3m__BD1_01_1142.mzXML	Volunteer 1 Man 1	Foottop
3m__BD2_01_1143.mzXML	Volunteer 1 Man 1	Foottop
3m__BD3_01_1144.mzXML	Volunteer 1 Man 1	Foottop
3m__BD4_01_1145.mzXML	Volunteer 1 Man 1	Foottop
3m__BD5_01_1146.mzXML	Volunteer 1 Man 1	Foottop
3m__BD6_01_1147.mzXML	Volunteer 1 Man 1	Foottop
3m__BD7_01_1148.mzXML	Volunteer 1 Man 1	Foottop
3m__BD8_01_1149.mzXML	Volunteer 1 Man 1	Foottop
3m__BD9_01_1150.mzXML	Volunteer 1 Man 1	Foottop
3m__BD10_01_1151.mzXML	Volunteer 1 Man 1	Foottop
3m__BD11_01_1152.mzXML	Volunteer 1 Man 1	Foottop
3m__BD12_01_1153.mzXML	Volunteer 1 Man 1	Foottop
3m__BE1_01_1154.mzXML	Volunteer 1 Man 1	Foottop
3m__BE2_01_1155.mzXML	Volunteer 1 Man 1	Foottop
3m__BE3_01_1156.mzXML	Volunteer 1 Man 1	Foottop
3m__BE4_01_1157.mzXML	Volunteer 1 Man 1	Foottop
3m__BE5_01_1158.mzXML	Volunteer 1 Man 1	Foottop
3m__BE6_01_1159.mzXML	Volunteer 1 Man 1	Foottop
3m__BE7_01_1160.mzXML	Volunteer 1 Man 1	Foottop
3m__BE8_01_1161.mzXML	Volunteer 1 Man 1	Foottop
3m__BE9_01_1162.mzXML	Volunteer 1 Man 1	Foottop
3m__BE10_01_1163.mzXML	Volunteer 1 Man 1	Foottop
3m__BE11_01_1164.mzXML	Volunteer 1 Man 1	Foottop
3m__BE12_01_1165.mzXML	Volunteer 1 Man 1	Foottop
3m__BF1_01_1166.mzXML	Volunteer 1 Man 1	Negative control
3m__BF2_01_1167.mzXML	Volunteer 1 Man 1	Negative control
3m__BF3_01_1168.mzXML	Volunteer 1 Man 1	Negative control
3m__BF4_01_1169.mzXML	Volunteer 1 Man 1	Blank
3m__BF5_01_1170.mzXML	Volunteer 1 Man 1	Blank
3m__BF6_01_1171.mzXML	Volunteer 1 Man 1	Blank
3m__BF7_01_1172.mzXML	Volunteer 1 Man 1	Blank
3m__BF8_01_1173.mzXML	Volunteer 1 Man 1	Blank
3m__BF9_01_1174.mzXML	Volunteer 1 Man 1	Blank
3m__BF10_01_1175.mzXML	Volunteer 1 Man 1	Blank
3m__BF11_01_1176.mzXML	Volunteer 1 Man 1	Blank
3m__BF12_01_1177.mzXML	Volunteer 1 Man 1	Blank
3m__BG1_01_1178.mzXML	Volunteer 1 Man 1	Blank
3m__BG2_01_1179.mzXML	Volunteer 1 Man 1	Blank
3m__BG3_01_1180.mzXML	Volunteer 1 Man 1	Blank
3m__BG4_01_1181.mzXML	Volunteer 1 Man 1	Blank
3m__BG5_01_1182.mzXML	Volunteer 1 Man 1	Blank
3m__BG6_01_1183.mzXML	Volunteer 1 Man 1	Blank
3m__BG7_01_1184.mzXML	Volunteer 1 Man 1	Blank
3m__BG8_01_1185.mzXML	Volunteer 1 Man 1	Blank
3m__BG9_01_1186.mzXML	Volunteer 1 Man 1	Blank
3m__BG10_01_1187.mzXML	Volunteer 1 Man 1	Blank
3m__BG11_01_1188.mzXML	Volunteer 1 Man 1	Blank
3m__BG12_01_1189.mzXML	Volunteer 1 Man 1	Blank
3m__BH1_01_1190.mzXML	Volunteer 1 Man 1	Blank
3m__BH2_01_1191.mzXML	Volunteer 1 Man 1	Blank
3m__BH3_01_1192.mzXML	Volunteer 1 Man 1	Blank
3m__BH4_01_1193.mzXML	Volunteer 1 Man 1	Blank
3m__BH5_01_1194.mzXML	Volunteer 1 Man 1	Blank
3m__BH6_01_1195.mzXML	Volunteer 1 Man 1	Blank
3m__BH7_01_1196.mzXML	Volunteer 1 Man 1	Blank
3m__BH8_01_1197.mzXML	Volunteer 1 Man 1	Negative control
3m__BH9_01_1198.mzXML	Volunteer 1 Man 1	Negative control
3m__BH10_01_1199.mzXML	Volunteer 1 Man 1	Negative control
3m__BH11_01_1200.mzXML	Volunteer 1 Man 1	Negative control
3m__BH12_01_1201.mzXML	Volunteer 1 Man 1	Negative control
4m__BA1_01_1207.mzXML	Volunteer 1 Man 1	Back
4m__BA2_01_1208.mzXML	Volunteer 1 Man 1	Back
4m__BA3_01_1209.mzXML	Volunteer 1 Man 1	Back
4m__BA4_01_1210.mzXML	Volunteer 1 Man 1	Back
4m__BA5_01_1211.mzXML	Volunteer 1 Man 1	Back
4m__BA6_01_1212.mzXML	Volunteer 1 Man 1	Back
4m__BA7_01_1213.mzXML	Volunteer 1 Man 1	Back
4m__BA8_01_1214.mzXML	Volunteer 1 Man 1	Back
4m__BA9_01_1215.mzXML	Volunteer 1 Man 1	Back
4m__BA10_01_1216.mzXML	Volunteer 1 Man 1	Back
4m__BA11_01_1217.mzXML	Volunteer 1 Man 1	Back
4m__BA12_01_1218.mzXML	Volunteer 1 Man 1	Back
4m__BB1_01_1219.mzXML	Volunteer 1 Man 1	Back
4m__BB2_01_1220.mzXML	Volunteer 1 Man 1	Back
4m__BB3_01_1221.mzXML	Volunteer 1 Man 1	Back
4m__BB4_01_1222.mzXML	Volunteer 1 Man 1	Back
4m__BB5_01_1223.mzXML	Volunteer 1 Man 1	Back
4m__BB6_01_1224.mzXML	Volunteer 1 Man 1	Back
4m__BB7_01_1225.mzXML	Volunteer 1 Man 1	Back
4m__BB8_01_1226.mzXML	Volunteer 1 Man 1	Back
4m__BB9_01_1227.mzXML	Volunteer 1 Man 1	Front
4m__BB10_01_1228.mzXML	Volunteer 1 Man 1	Front
4m__BB11_01_1229.mzXML	Volunteer 1 Man 1	Front
4m__BB12_01_1230.mzXML	Volunteer 1 Man 1	Front
4m__BC1_01_1231.mzXML	Volunteer 1 Man 1	Front
4m__BC2_01_1232.mzXML	Volunteer 1 Man 1	Front
4m__BC3_01_1233.mzXML	Volunteer 1 Man 1	Front
4m__BC4_01_1234.mzXML	Volunteer 1 Man 1	Front
4m__BC5_01_1235.mzXML	Volunteer 1 Man 1	Front
4m__BC6_01_1236.mzXML	Volunteer 1 Man 1	Front
4m__BC7_01_1237.mzXML	Volunteer 1 Man 1	Front
4m__BC8_01_1238.mzXML	Volunteer 1 Man 1	Front
4m__BC9_01_1239.mzXML	Volunteer 1 Man 1	Front
4m__BC10_01_1240.mzXML	Volunteer 1 Man 1	Front
4m__BC11_01_1241.mzXML	Volunteer 1 Man 1	Front
4m__BC12_01_1242.mzXML	Volunteer 1 Man 1	Front
4m__BD1_01_1243.mzXML	Volunteer 1 Man 1	Front
4m__BD2_01_1244.mzXML	Volunteer 1 Man 1	Front
4m__BD3_01_1245.mzXML	Volunteer 1 Man 1	Front
4m__BD4_01_1246.mzXML	Volunteer 1 Man 1	Front
4m__BD5_01_1247.mzXML	Volunteer 1 Man 1	Front
4m__BD6_01_1248.mzXML	Volunteer 1 Man 1	Front
4m__BD7_01_1249.mzXML	Volunteer 1 Man 1	Front
4m__BD8_01_1250.mzXML	Volunteer 1 Man 1	Front
4m__BD9_01_1251.mzXML	Volunteer 1 Man 1	Front
4m__BD10_01_1252.mzXML	Volunteer 1 Man 1	Front
4m__BD11_01_1253.mzXML	Volunteer 1 Man 1	Negative control
4m__BD12_01_1254.mzXML	Volunteer 1 Man 1	Negative control
4m__BE1_01_1255.mzXML	Volunteer 1 Man 1	Negative control
4m__BE2_01_1256.mzXML	Volunteer 1 Man 1	Negative control
4m__BE3_01_1257.mzXML	Volunteer 1 Man 1	Negative control
4m__BE4_01_1258.mzXML	Volunteer 1 Man 1	Negative control
4m__BE5_01_1259.mzXML	Volunteer 1 Man 1	Negative control
4m__BE6_01_1260.mzXML	Volunteer 1 Man 1	Negative control
4m__BE7_01_1261.mzXML	Volunteer 1 Man 1	Negative control
4m__BE8_01_1262.mzXML	Volunteer 1 Man 1	Negative control
4m__BE9_01_1263.mzXML	Volunteer 1 Man 1	Negative control
4m__BE10_01_1264.mzXML	Volunteer 1 Man 1	Negative control
4m__BE11_01_1265.mzXML	Volunteer 1 Man 1	Negative control
4m__BE12_01_1266.mzXML	Volunteer 1 Man 1	Negative control
4m__BF1_01_1267.mzXML	Volunteer 1 Man 1	Leginside
4m__BF2_01_1268.mzXML	Volunteer 1 Man 1	Leginside
4m__BF3_01_1269.mzXML	Volunteer 1 Man 1	Leginside
4m__BF4_01_1270.mzXML	Volunteer 1 Man 1	Leginside
4m__BF5_01_1271.mzXML	Volunteer 1 Man 1	Leginside
4m__BF6_01_1272.mzXML	Volunteer 1 Man 1	Leginside
4m__BF7_01_1273.mzXML	Volunteer 1 Man 1	Leginside
4m__BF8_01_1274.mzXML	Volunteer 1 Man 1	Leginside
4m__BF9_01_1275.mzXML	Volunteer 1 Man 1	Leginside
4m__BF10_01_1276.mzXML	Volunteer 1 Man 1	Leginside
4m__BF11_01_1277.mzXML	Volunteer 1 Man 1	Legoutside
4m__BF12_01_1278.mzXML	Volunteer 1 Man 1	Legoutside
4m__BG1_01_1279.mzXML	Volunteer 1 Man 1	Legoutside
4m__BG2_01_1280.mzXML	Volunteer 1 Man 1	Legoutside
4m__BG3_01_1281.mzXML	Volunteer 1 Man 1	Legoutside
4m__BG4_01_1282.mzXML	Volunteer 1 Man 1	Legoutside
4m__BG5_01_1283.mzXML	Volunteer 1 Man 1	Legoutside
4m__BG6_01_1284.mzXML	Volunteer 1 Man 1	Legoutside
4m__BG7_01_1285.mzXML	Volunteer 1 Man 1	Legoutside
4m__BG8_01_1286.mzXML	Volunteer 1 Man 1	Legoutside
4m__BG9_01_1287.mzXML	Volunteer 1 Man 1	Legoutside
4m__BG10_01_1288.mzXML	Volunteer 1 Man 1	Negative control
4m__BG11_01_1289.mzXML	Volunteer 1 Man 1	Negative control
4m__BG12_01_1290.mzXML	Volunteer 1 Man 1	Negative control
4m__BH1_01_1291.mzXML	Volunteer 1 Man 1	Negative control
4m__BH2_01_1292.mzXML	Volunteer 1 Man 1	Negative control
4m__BH3_01_1293.mzXML	Volunteer 1 Man 1	Negative control
4m__BH4_01_1294.mzXML	Volunteer 1 Man 1	Negative control
4m__BH5_01_1295.mzXML	Volunteer 1 Man 1	Negative control
4m__BH6_01_1296.mzXML	Volunteer 1 Man 1	Negative control
4m__BH7_01_1297.mzXML	Volunteer 1 Man 1	Negative control
4m__BH8_01_1298.mzXML	Volunteer 1 Man 1	Negative control
4m__BH9_01_1299.mzXML	Volunteer 1 Man 1	Negative control
4m__BH10_01_1300.mzXML	Volunteer 1 Man 1	Negative control
4m__BH11_01_1301.mzXML	Volunteer 1 Man 1	Negative control
4m__BH12_01_1302.mzXML	Volunteer 1 Man 1	Negative control
5m__BA1_01_1307.mzXML	Volunteer 1 Man 1	Groin
5m__BA2_01_1308.mzXML	Volunteer 1 Man 1	Groin
5m__BA3_01_1309.mzXML	Volunteer 1 Man 1	Groin
5m__BA4_01_1310.mzXML	Volunteer 1 Man 1	Groin
5m__BA5_01_1311.mzXML	Volunteer 1 Man 1	Groin
5m__BA6_01_1312.mzXML	Volunteer 1 Man 1	Groin
5m__BA7_01_1313.mzXML	Volunteer 1 Man 1	Groin
5m__BA8_01_1314.mzXML	Volunteer 1 Man 1	Groin
5m__BA9_01_1315.mzXML	Volunteer 1 Man 1	Groin
5m__BA10_01_1316.mzXML	Volunteer 1 Man 1	Groin
5m__BA11_01_1317.mzXML	Volunteer 1 Man 1	Groin
5m__BA12_01_1318.mzXML	Volunteer 1 Man 1	Groin
5m__BB1_01_1319.mzXML	Volunteer 1 Man 1	Groin
5m__BB2_01_1320.mzXML	Volunteer 1 Man 1	Groin
5m__BB3_01_1321.mzXML	Volunteer 1 Man 1	Groin
5m__BB4_01_1322.mzXML	Volunteer 1 Man 1	Groin
5m__BB5_01_1323.mzXML	Volunteer 1 Man 1	Groin
5m__BB6_01_1324.mzXML	Volunteer 1 Man 1	Groin
5m__BB7_01_1325.mzXML	Volunteer 1 Man 1	Groin
5m__BB8_01_1326.mzXML	Volunteer 1 Man 1	Groin
5m__BB9_01_1327.mzXML	Volunteer 1 Man 1	Groin
5m__BB10_01_1328.mzXML	Volunteer 1 Man 1	Groin
5m__BB11_01_1329.mzXML	Volunteer 1 Man 1	Legback
5m__BB12_01_1330.mzXML	Volunteer 1 Man 1	Legback
5m__BC1_01_1331.mzXML	Volunteer 1 Man 1	Legback
5m__BC2_01_1332.mzXML	Volunteer 1 Man 1	Legback
5m__BC3_01_1333.mzXML	Volunteer 1 Man 1	Legback
5m__BC4_01_1334.mzXML	Volunteer 1 Man 1	Legback
5m__BC5_01_1335.mzXML	Volunteer 1 Man 1	Legback
5m__BC6_01_1336.mzXML	Volunteer 1 Man 1	Legback
5m__BC7_01_1337.mzXML	Volunteer 1 Man 1	Legback
5m__BC8_01_1338.mzXML	Volunteer 1 Man 1	Legback
5m__BC9_01_1339.mzXML	Volunteer 1 Man 1	Legback
5m__BC10_01_1340.mzXML	Volunteer 1 Man 1	Legback
5m__BC11_01_1341.mzXML	Volunteer 1 Man 1	Legback
5m__BC12_01_1342.mzXML	Volunteer 1 Man 1	Legback
5m__BD1_01_1343.mzXML	Volunteer 1 Man 1	Legback
5m__BD2_01_1344.mzXML	Volunteer 1 Man 1	Legback
5m__BD3_01_1345.mzXML	Volunteer 1 Man 1	Legback
5m__BD4_01_1346.mzXML	Volunteer 1 Man 1	Legback
5m__BD5_01_1347.mzXML	Volunteer 1 Man 1	Legback
5m__BD6_01_1348.mzXML	Volunteer 1 Man 1	Legback
5m__BD7_01_1349.mzXML	Volunteer 1 Man 1	Legback
5m__BD8_01_1350.mzXML	Volunteer 1 Man 1	Legback
5m__BD9_01_1351.mzXML	Volunteer 1 Man 1	Legback
5m__BD10_01_1352.mzXML	Volunteer 1 Man 1	Legback
5m__BD11_01_1353.mzXML	Volunteer 1 Man 1	Legback
5m__BD12_01_1354.mzXML	Volunteer 1 Man 1	Legback
5m__BE1_01_1355.mzXML	Volunteer 1 Man 1	Legback
5m__BE2_01_1356.mzXML	Volunteer 1 Man 1	Legback
5m__BE3_01_1357.mzXML	Volunteer 1 Man 1	Legback
5m__BE4_01_1358.mzXML	Volunteer 1 Man 1	Legback
5m__BE5_01_1359.mzXML	Volunteer 1 Man 1	Legback
5m__BE6_01_1360.mzXML	Volunteer 1 Man 1	Legback
5m__BE7_01_1361.mzXML	Volunteer 1 Man 1	Legback
5m__BE8_01_1362.mzXML	Volunteer 1 Man 1	Legback
5m__BE9_01_1363.mzXML	Volunteer 1 Man 1	Legback
5m__BE10_01_1364.mzXML	Volunteer 1 Man 1	Legback
5m__BE11_01_1365.mzXML	Volunteer 1 Man 1	Legback
5m__BE12_01_1366.mzXML	Volunteer 1 Man 1	Legback
5m__BF1_01_1367.mzXML	Volunteer 1 Man 1	Legback
5m__BF2_01_1368.mzXML	Volunteer 1 Man 1	Legback
5m__BF3_01_1369.mzXML	Volunteer 1 Man 1	Legback
5m__BF4_01_1370.mzXML	Volunteer 1 Man 1	Legback
5m__BF5_01_1371.mzXML	Volunteer 1 Man 1	Legback
5m__BF6_01_1372.mzXML	Volunteer 1 Man 1	Legback
5m__BF7_01_1373.mzXML	Volunteer 1 Man 1	Legback
5m__BF8_01_1374.mzXML	Volunteer 1 Man 1	Legback
5m__BF9_01_1375.mzXML	Volunteer 1 Man 1	Footbottom
5m__BF10_01_1376.mzXML	Volunteer 1 Man 1	Footbottom
5m__BF11_01_1377.mzXML	Volunteer 1 Man 1	Footbottom
5m__BF12_01_1378.mzXML	Volunteer 1 Man 1	Footbottom
5m__BG1_01_1379.mzXML	Volunteer 1 Man 1	Footbottom
5m__BG2_01_1380.mzXML	Volunteer 1 Man 1	Footbottom
5m__BG3_01_1381.mzXML	Volunteer 1 Man 1	Footbottom
5m__BG4_01_1382.mzXML	Volunteer 1 Man 1	Footbottom
5m__BG5_01_1383.mzXML	Volunteer 1 Man 1	Footbottom
5m__BG6_01_1384.mzXML	Volunteer 1 Man 1	Footbottom
5m__BG7_01_1385.mzXML	Volunteer 1 Man 1	Footbottom
5m__BG8_01_1386.mzXML	Volunteer 1 Man 1	Footbottom
5m__BG9_01_1387.mzXML	Volunteer 1 Man 1	Footbottom
5m__BG10_01_1388.mzXML	Volunteer 1 Man 1	Footbottom
5m__BG11_01_1389.mzXML	Volunteer 1 Man 1	Footbottom
5m__BG12_01_1390.mzXML	Volunteer 1 Man 1	Footbottom
5m__BH1_01_1391.mzXML	Volunteer 1 Man 1	Footbottom
5m__BH2_01_1392.mzXML	Volunteer 1 Man 1	Footbottom
5m__BH3_01_1393.mzXML	Volunteer 1 Man 1	Footbottom
5m__BH4_01_1394.mzXML	Volunteer 1 Man 1	Footbottom
5m__BH5_01_1395.mzXML	Volunteer 1 Man 1	Footbottom
5m__BH6_01_1396.mzXML	Volunteer 1 Man 1	Footbottom
5m__BH7_01_1397.mzXML	Volunteer 1 Man 1	Footbottom
5m__BH8_01_1398.mzXML	Volunteer 1 Man 1	Footbottom
5m__BH9_01_1399.mzXML	Volunteer 1 Man 1	Negative control
5m__BH10_01_1400.mzXML	Volunteer 1 Man 1	Negative control
5m__BH11_01_1401.mzXML	Volunteer 1 Man 1	Negative control
5m__BH12_01_1402.mzXML	Volunteer 1 Man 1	Negative control
11m__BA1_01_1819.mzXML	Volunteer 2 Woman 1	Handfront
11m__BA2_01_1820.mzXML	Volunteer 2 Woman 1	Handfront
11m__BA3_01_1821.mzXML	Volunteer 2 Woman 1	Handfront
11m__BA4_01_1822.mzXML	Volunteer 2 Woman 1	Handfront
11m__BA5_01_1823.mzXML	Volunteer 2 Woman 1	Handfront
11m__BA6_01_1824.mzXML	Volunteer 2 Woman 1	Handfront
11m__BA7_01_1825.mzXML	Volunteer 2 Woman 1	Handfront
11m__BA8_01_1826.mzXML	Volunteer 2 Woman 1	Handfront
11m__BA9_01_1827.mzXML	Volunteer 2 Woman 1	Handfront
11m__BA10_01_1828.mzXML	Volunteer 2 Woman 1	Handfront
11m__BA11_01_1829.mzXML	Volunteer 2 Woman 1	Handfront
11m__BA12_01_1830.mzXML	Volunteer 2 Woman 1	Handfront
11m__BB1_01_1831.mzXML	Volunteer 2 Woman 1	Handfront
11m__BB2_01_1832.mzXML	Volunteer 2 Woman 1	Handfront
11m__BB3_01_1833.mzXML	Volunteer 2 Woman 1	Handfront
11m__BB4_01_1834.mzXML	Volunteer 2 Woman 1	Handfront
11m__BB5_01_1835.mzXML	Volunteer 2 Woman 1	Handfront
11m__BB6_01_1836.mzXML	Volunteer 2 Woman 1	Handfront
11m__BB7_01_1837.mzXML	Volunteer 2 Woman 1	Handfront
11m__BB8_01_1838.mzXML	Volunteer 2 Woman 1	Handfront
11m__BB9_01_1839.mzXML	Volunteer 2 Woman 1	Handfront
11m__BB10_01_1840.mzXML	Volunteer 2 Woman 1	Handfront
11m__BB11_01_1841.mzXML	Volunteer 2 Woman 1	Handfront
11m__BB12_01_1842.mzXML	Volunteer 2 Woman 1	Negative control
11m__BC1_01_1843.mzXML	Volunteer 2 Woman 1	Handfront
11m__BC2_01_1844.mzXML	Volunteer 2 Woman 1	Handfront
11m__BC3_01_1845.mzXML	Volunteer 2 Woman 1	Handfront
11m__BC4_01_1846.mzXML	Volunteer 2 Woman 1	Handfront
11m__BC5_01_1847.mzXML	Volunteer 2 Woman 1	Handfront
11m__BC6_01_1848.mzXML	Volunteer 2 Woman 1	Handfront
11m__BC7_01_1849.mzXML	Volunteer 2 Woman 1	Handfront
11m__BC8_01_1850.mzXML	Volunteer 2 Woman 1	Handfront
11m__BC9_01_1851.mzXML	Volunteer 2 Woman 1	Handrear
11m__BC10_01_1852.mzXML	Volunteer 2 Woman 1	Handrear
11m__BC11_01_1853.mzXML	Volunteer 2 Woman 1	Handrear
11m__BC12_01_1854.mzXML	Volunteer 2 Woman 1	Negative control
11m__BD1_01_1855.mzXML	Volunteer 2 Woman 1	Handrear
11m__BD2_01_1856.mzXML	Volunteer 2 Woman 1	Handrear
11m__BD3_01_1857.mzXML	Volunteer 2 Woman 1	Handrear
11m__BD4_01_1858.mzXML	Volunteer 2 Woman 1	Handrear
11m__BD5_01_1859.mzXML	Volunteer 2 Woman 1	Handrear
11m__BD6_01_1860.mzXML	Volunteer 2 Woman 1	Handrear
11m__BD7_01_1861.mzXML	Volunteer 2 Woman 1	Handrear
11m__BD8_01_1862.mzXML	Volunteer 2 Woman 1	Handrear
11m__BD9_01_1863.mzXML	Volunteer 2 Woman 1	Handrear
11m__BD10_01_1864.mzXML	Volunteer 2 Woman 1	Handrear
11m__BD11_01_1865.mzXML	Volunteer 2 Woman 1	Handrear
11m__BD12_01_1866.mzXML	Volunteer 2 Woman 1	Handrear
11m__BE1_01_1867.mzXML	Volunteer 2 Woman 1	Handrear
11m__BE2_01_1868.mzXML	Volunteer 2 Woman 1	Handrear
11m__BE3_01_1869.mzXML	Volunteer 2 Woman 1	Handrear
11m__BE4_01_1870.mzXML	Volunteer 2 Woman 1	Handrear
11m__BE5_01_1871.mzXML	Volunteer 2 Woman 1	Handrear
11m__BE6_01_1872.mzXML	Volunteer 2 Woman 1	Handrear
11m__BE7_01_1873.mzXML	Volunteer 2 Woman 1	Handrear
11m__BE8_01_1874.mzXML	Volunteer 2 Woman 1	Handrear
11m__BE9_01_1875.mzXML	Volunteer 2 Woman 1	Handrear
11m__BE10_01_1876.mzXML	Volunteer 2 Woman 1	Handrear
11m__BE11_01_1877.mzXML	Volunteer 2 Woman 1	Handrear
11m__BE12_01_1878.mzXML	Volunteer 2 Woman 1	Handrear
11m__BF1_01_1879.mzXML	Volunteer 2 Woman 1	Blank
11m__BF2_01_1880.mzXML	Volunteer 2 Woman 1	Blank
11m__BF3_01_1881.mzXML	Volunteer 2 Woman 1	Blank
11m__BF4_01_1882.mzXML	Volunteer 2 Woman 1	Foottop
11m__BF5_01_1883.mzXML	Volunteer 2 Woman 1	Foottop
11m__BF6_01_1884.mzXML	Volunteer 2 Woman 1	Foottop
11m__BF7_01_1885.mzXML	Volunteer 2 Woman 1	Foottop
11m__BF8_01_1886.mzXML	Volunteer 2 Woman 1	Foottop
11m__BF9_01_1887.mzXML	Volunteer 2 Woman 1	Foottop
11m__BF10_01_1888.mzXML	Volunteer 2 Woman 1	Foottop
11m__BF11_01_1889.mzXML	Volunteer 2 Woman 1	Foottop
11m__BF12_01_1890.mzXML	Volunteer 2 Woman 1	Foottop
11m__BG1_01_1891.mzXML	Volunteer 2 Woman 1	Foottop
11m__BG2_01_1892.mzXML	Volunteer 2 Woman 1	Foottop
11m__BG3_01_1893.mzXML	Volunteer 2 Woman 1	Foottop
11m__BG4_01_1894.mzXML	Volunteer 2 Woman 1	Foottop
11m__BG5_01_1895.mzXML	Volunteer 2 Woman 1	Foottop
11m__BG6_01_1896.mzXML	Volunteer 2 Woman 1	Foottop
11m__BG7_01_1897.mzXML	Volunteer 2 Woman 1	Foottop
11m__BG8_01_1898.mzXML	Volunteer 2 Woman 1	Foottop
11m__BG9_01_1899.mzXML	Volunteer 2 Woman 1	Foottop
11m__BG10_01_1900.mzXML	Volunteer 2 Woman 1	Foottop
11m__BG11_01_1901.mzXML	Volunteer 2 Woman 1	Foottop
11m__BG12_01_1902.mzXML	Volunteer 2 Woman 1	Foottop
11m__BH1_01_1903.mzXML	Volunteer 2 Woman 1	Foottop
11m__BH2_01_1904.mzXML	Volunteer 2 Woman 1	Foottop
11m__BH3_01_1905.mzXML	Volunteer 2 Woman 1	Foottop
11m__BH4_01_1906.mzXML	Volunteer 2 Woman 1	Blank
11m__BH5_01_1907.mzXML	Volunteer 2 Woman 1	Blank
11m__BH6_01_1908.mzXML	Volunteer 2 Woman 1	Blank
11m__BH7_01_1909.mzXML	Volunteer 2 Woman 1	Blank
11m__BH8_01_1910.mzXML	Volunteer 2 Woman 1	Blank
11m__BH9_01_1911.mzXML	Volunteer 2 Woman 1	Blank
11m__BH10_01_1912.mzXML	Volunteer 2 Woman 1	Blank
11m__BH11_01_1913.mzXML	Volunteer 2 Woman 1	Blank
11m__BH12_01_1914.mzXML	Volunteer 2 Woman 1	Blank
12m__BA1_01_1921.mzXML	Volunteer 2 Woman 1	Footbottom
12m__BA2_01_1922.mzXML	Volunteer 2 Woman 1	Footbottom
12m__BA3_01_1923.mzXML	Volunteer 2 Woman 1	Footbottom
12m__BA4_01_1924.mzXML	Volunteer 2 Woman 1	Footbottom
12m__BA5_01_1925.mzXML	Volunteer 2 Woman 1	Footbottom
12m__BA6_01_1926.mzXML	Volunteer 2 Woman 1	Footbottom
12m__BA7_01_1927.mzXML	Volunteer 2 Woman 1	Footbottom
12m__BA8_01_1928.mzXML	Volunteer 2 Woman 1	Footbottom
12m__BA9_01_1929.mzXML	Volunteer 2 Woman 1	Footbottom
12m__BA10_01_1930.mzXML	Volunteer 2 Woman 1	Footbottom
12m__BA11_01_1931.mzXML	Volunteer 2 Woman 1	Footbottom
12m__BA12_01_1932.mzXML	Volunteer 2 Woman 1	Footbottom
12m__BB1_01_1933.mzXML	Volunteer 2 Woman 1	Footbottom
12m__BB2_01_1934.mzXML	Volunteer 2 Woman 1	Footbottom
12m__BB3_01_1935.mzXML	Volunteer 2 Woman 1	Footbottom
12m__BB4_01_1936.mzXML	Volunteer 2 Woman 1	Footbottom
12m__BB5_01_1937.mzXML	Volunteer 2 Woman 1	Footbottom
12m__BB6_01_1938.mzXML	Volunteer 2 Woman 1	Footbottom
12m__BB7_01_1939.mzXML	Volunteer 2 Woman 1	Footbottom
12m__BB8_01_1940.mzXML	Volunteer 2 Woman 1	Footbottom
12m__BB9_01_1941.mzXML	Volunteer 2 Woman 1	Footbottom
12m__BB10_01_1942.mzXML	Volunteer 2 Woman 1	Footbottom
12m__BB11_01_1943.mzXML	Volunteer 2 Woman 1	Footbottom
12m__BB12_01_1944.mzXML	Volunteer 2 Woman 1	Footbottom
12m__BC1_01_1945.mzXML	Volunteer 2 Woman 1	Footbottom
12m__BC2_01_1946.mzXML	Volunteer 2 Woman 1	Footbottom
12m__BC3_01_1947.mzXML	Volunteer 2 Woman 1	Footbottom
12m__BC4_01_1948.mzXML	Volunteer 2 Woman 1	Footbottom
12m__BC5_01_1949.mzXML	Volunteer 2 Woman 1	Breast
12m__BC6_01_1950.mzXML	Volunteer 2 Woman 1	Breast
12m__BC7_01_1951.mzXML	Volunteer 2 Woman 1	Breast
12m__BC8_01_1952.mzXML	Volunteer 2 Woman 1	Breast
12m__BC9_01_1953.mzXML	Volunteer 2 Woman 1	Breast
12m__BC10_01_1954.mzXML	Volunteer 2 Woman 1	Breast
12m__BC11_01_1955.mzXML	Volunteer 2 Woman 1	Breast
12m__BC12_01_1956.mzXML	Volunteer 2 Woman 1	Breast
12m__BD1_01_1957.mzXML	Volunteer 2 Woman 1	Stomach
12m__BD2_01_1958.mzXML	Volunteer 2 Woman 1	Stomach
12m__BD3_01_1959.mzXML	Volunteer 2 Woman 1	Stomach
12m__BD4_01_1960.mzXML	Volunteer 2 Woman 1	Stomach
12m__BD5_01_1961.mzXML	Volunteer 2 Woman 1	Stomach
12m__BD6_01_1962.mzXML	Volunteer 2 Woman 1	Stomach
12m__BD7_01_1963.mzXML	Volunteer 2 Woman 1	Stomach
12m__BD8_01_1964.mzXML	Volunteer 2 Woman 1	Stomach
12m__BD9_01_1965.mzXML	Volunteer 2 Woman 1	Stomach
12m__BD10_01_1966.mzXML	Volunteer 2 Woman 1	Stomach
12m__BD11_01_1967.mzXML	Volunteer 2 Woman 1	Stomach
12m__BD12_01_1968.mzXML	Volunteer 2 Woman 1	Stomach
12m__BE1_01_1969.mzXML	Volunteer 2 Woman 1	Bellybottom
12m__BE2_01_1970.mzXML	Volunteer 2 Woman 1	Bellybottom
12m__BE3_01_1971.mzXML	Volunteer 2 Woman 1	Bellybottom
12m__BE4_01_1972.mzXML	Volunteer 2 Woman 1	Bellybottom
12m__BE5_01_1973.mzXML	Volunteer 2 Woman 1	Bellybottom
12m__BE6_01_1974.mzXML	Volunteer 2 Woman 1	Stomach
12m__BE7_01_1975.mzXML	Volunteer 2 Woman 1	Stomach
12m__BE8_01_1976.mzXML	Volunteer 2 Woman 1	Stomach
12m__BE9_01_1977.mzXML	Volunteer 2 Woman 1	Stomach
12m__BE10_01_1978.mzXML	Volunteer 2 Woman 1	Stomach
12m__BE11_01_1979.mzXML	Volunteer 2 Woman 1	Groin
12m__BE12_01_1980.mzXML	Volunteer 2 Woman 1	Groin
12m__BF1_01_1981.mzXML	Volunteer 2 Woman 1	Groin
12m__BF2_01_1982.mzXML	Volunteer 2 Woman 1	Groin
12m__BF3_01_1983.mzXML	Volunteer 2 Woman 1	Groin
12m__BF4_01_1984.mzXML	Volunteer 2 Woman 1	Groin
12m__BF5_01_1985.mzXML	Volunteer 2 Woman 1	Groin
12m__BF6_01_1986.mzXML	Volunteer 2 Woman 1	Groin
12m__BF7_01_1987.mzXML	Volunteer 2 Woman 1	Groin
12m__BF8_01_1988.mzXML	Volunteer 2 Woman 1	Groin
12m__BF9_01_1989.mzXML	Volunteer 2 Woman 1	Groin
12m__BF10_01_1990.mzXML	Volunteer 2 Woman 1	Groin
12m__BF11_01_1991.mzXML	Volunteer 2 Woman 1	Groin
12m__BF12_01_1992.mzXML	Volunteer 2 Woman 1	Groin
12m__BG1_01_1993.mzXML	Volunteer 2 Woman 1	Groin
12m__BG2_01_1994.mzXML	Volunteer 2 Woman 1	Groin
12m__BG3_01_1995.mzXML	Volunteer 2 Woman 1	Groin
12m__BG4_01_1996.mzXML	Volunteer 2 Woman 1	Groin
12m__BG5_01_1997.mzXML	Volunteer 2 Woman 1	Leg
12m__BG6_01_1998.mzXML	Volunteer 2 Woman 1	Leg
12m__BG7_01_1999.mzXML	Volunteer 2 Woman 1	Leg
12m__BG8_01_2000.mzXML	Volunteer 2 Woman 1	Leg
12m__BG9_01_2001.mzXML	Volunteer 2 Woman 1	Leg
12m__BG10_01_2002.mzXML	Volunteer 2 Woman 1	Leg
12m__BG11_01_2003.mzXML	Volunteer 2 Woman 1	Leg
12m__BG12_01_2004.mzXML	Volunteer 2 Woman 1	Leg
12m__BH1_01_2005.mzXML	Volunteer 2 Woman 1	Leg
12m__BH2_01_2006.mzXML	Volunteer 2 Woman 1	Leg
12m__BH3_01_2007.mzXML	Volunteer 2 Woman 1	Leg
12m__BH4_01_2008.mzXML	Volunteer 2 Woman 1	Leg
12m__BH5_01_2009.mzXML	Volunteer 2 Woman 1	Leg
12m__BH6_01_2010.mzXML	Volunteer 2 Woman 1	Leg
12m__BH7_01_2011.mzXML	Volunteer 2 Woman 1	Leg
12m__BH8_01_2012.mzXML	Volunteer 2 Woman 1	Blank
12m__BH9_01_2013.mzXML	Volunteer 2 Woman 1	Blank
12m__BH10_01_2014.mzXML	Volunteer 2 Woman 1	Blank
12m__BH11_01_2015.mzXML	Volunteer 2 Woman 1	Blank
12m__BH12_01_2016.mzXML	Volunteer 2 Woman 1	Blank
13m__BA1_01_2023.mzXML	Volunteer 2 Woman 1	Neck
13m__BA2_01_2024.mzXML	Volunteer 2 Woman 1	Neck
13m__BA3_01_2025.mzXML	Volunteer 2 Woman 1	Neck
13m__BA4_01_2026.mzXML	Volunteer 2 Woman 1	Neck
13m__BA5_01_2027.mzXML	Volunteer 2 Woman 1	Neck
13m__BA6_01_2028.mzXML	Volunteer 2 Woman 1	Shoulder
13m__BA7_01_2029.mzXML	Volunteer 2 Woman 1	Shoulder
13m__BA8_01_2030.mzXML	Volunteer 2 Woman 1	Shoulder
13m__BA9_01_2031.mzXML	Volunteer 2 Woman 1	Shoulder
13m__BA10_01_2032.mzXML	Volunteer 2 Woman 1	Shoulder
13m__BA11_01_2033.mzXML	Volunteer 2 Woman 1	Chest
13m__BA12_01_2034.mzXML	Volunteer 2 Woman 1	Chest
13m__BB1_01_2035.mzXML	Volunteer 2 Woman 1	Arm
13m__BB2_01_2036.mzXML	Volunteer 2 Woman 1	Arm
13m__BB3_01_2037.mzXML	Volunteer 2 Woman 1	Arm
13m__BB4_01_2038.mzXML	Volunteer 2 Woman 1	Arm
13m__BB5_01_2039.mzXML	Volunteer 2 Woman 1	Arm
13m__BB6_01_2040.mzXML	Volunteer 2 Woman 1	Arm
13m__BB7_01_2041.mzXML	Volunteer 2 Woman 1	Arm
13m__BB8_01_2042.mzXML	Volunteer 2 Woman 1	Arm
13m__BB9_01_2043.mzXML	Volunteer 2 Woman 1	Arm
13m__BB10_01_2044.mzXML	Volunteer 2 Woman 1	Side
13m__BB11_01_2045.mzXML	Volunteer 2 Woman 1	Side
13m__BB12_01_2046.mzXML	Volunteer 2 Woman 1	Side
13m__BC1_01_2047.mzXML	Volunteer 2 Woman 1	Arm
13m__BC2_01_2048.mzXML	Volunteer 2 Woman 1	Arm
13m__BC3_01_2049.mzXML	Volunteer 2 Woman 1	Arm
13m__BC4_01_2050.mzXML	Volunteer 2 Woman 1	Arm
13m__BC5_01_2051.mzXML	Volunteer 2 Woman 1	Arm
13m__BC6_01_2052.mzXML	Volunteer 2 Woman 1	Arm
13m__BC7_01_2053.mzXML	Volunteer 2 Woman 1	Blank
13m__BC8_01_2054.mzXML	Volunteer 2 Woman 1	Legoutside
13m__BC9_01_2055.mzXML	Volunteer 2 Woman 1	Legoutside
13m__BC10_01_2056.mzXML	Volunteer 2 Woman 1	Legoutside
13m__BC11_01_2057.mzXML	Volunteer 2 Woman 1	Legoutside
13m__BC12_01_2058.mzXML	Volunteer 2 Woman 1	Legoutside
13m__BD1_01_2059.mzXML	Volunteer 2 Woman 1	Legoutside
13m__BD2_01_2060.mzXML	Volunteer 2 Woman 1	Legoutside
13m__BD3_01_2061.mzXML	Volunteer 2 Woman 1	Legoutside
13m__BD4_01_2062.mzXML	Volunteer 2 Woman 1	Legoutside
13m__BD5_01_2063.mzXML	Volunteer 2 Woman 1	Legoutside
13m__BD6_01_2064.mzXML	Volunteer 2 Woman 1	Leginside
13m__BD7_01_2065.mzXML	Volunteer 2 Woman 1	Leginside
13m__BD8_01_2066.mzXML	Volunteer 2 Woman 1	Leginside
13m__BD9_01_2067.mzXML	Volunteer 2 Woman 1	Leginside
13m__BD10_01_2068.mzXML	Volunteer 2 Woman 1	Legoutside
13m__BD11_01_2069.mzXML	Volunteer 2 Woman 1	Leginside
13m__BD12_01_2070.mzXML	Volunteer 2 Woman 1	Legoutside
13m__BE1_01_2071.mzXML	Volunteer 2 Woman 1	Headback
13m__BE2_01_2072.mzXML	Volunteer 2 Woman 1	Headback
13m__BE3_01_2073.mzXML	Volunteer 2 Woman 1	Headback
13m__BE4_01_2074.mzXML	Volunteer 2 Woman 1	Headback
13m__BE5_01_2075.mzXML	Volunteer 2 Woman 1	Headback
13m__BE6_01_2076.mzXML	Volunteer 2 Woman 1	Headback
13m__BE7_01_2077.mzXML	Volunteer 2 Woman 1	Neck
13m__BE8_01_2078.mzXML	Volunteer 2 Woman 1	Neck
13m__BE9_01_2079.mzXML	Volunteer 2 Woman 1	Neck
13m__BE10_01_2080.mzXML	Volunteer 2 Woman 1	Shoulder
13m__BE11_01_2081.mzXML	Volunteer 2 Woman 1	Back
13m__BE12_01_2082.mzXML	Volunteer 2 Woman 1	Shoulder
13m__BF1_01_2083.mzXML	Volunteer 2 Woman 1	Arm
13m__BF2_01_2084.mzXML	Volunteer 2 Woman 1	Back
13m__BF3_01_2085.mzXML	Volunteer 2 Woman 1	Back
13m__BF4_01_2086.mzXML	Volunteer 2 Woman 1	Back
13m__BF5_01_2087.mzXML	Volunteer 2 Woman 1	Arm
13m__BF6_01_2088.mzXML	Volunteer 2 Woman 1	Arm
13m__BF7_01_2089.mzXML	Volunteer 2 Woman 1	Arm
13m__BF8_01_2090.mzXML	Volunteer 2 Woman 1	Arm
13m__BF9_01_2091.mzXML	Volunteer 2 Woman 1	Arm
13m__BF10_01_2092.mzXML	Volunteer 2 Woman 1	Arm
13m__BF11_01_2093.mzXML	Volunteer 2 Woman 1	Arm
13m__BF12_01_2094.mzXML	Volunteer 2 Woman 1	Arm
13m__BG1_01_2095.mzXML	Volunteer 2 Woman 1	Arm
13m__BG2_01_2096.mzXML	Volunteer 2 Woman 1	Back
13m__BG3_01_2097.mzXML	Volunteer 2 Woman 1	Back
13m__BG4_01_2098.mzXML	Volunteer 2 Woman 1	Back
13m__BG5_01_2099.mzXML	Volunteer 2 Woman 1	Back
13m__BG6_01_2100.mzXML	Volunteer 2 Woman 1	Back
13m__BG7_01_2101.mzXML	Volunteer 2 Woman 1	Back
13m__BG8_01_2102.mzXML	Volunteer 2 Woman 1	Nates
13m__BG9_01_2103.mzXML	Volunteer 2 Woman 1	Nates
13m__BG10_01_2104.mzXML	Volunteer 2 Woman 1	Nates
13m__BG11_01_2105.mzXML	Volunteer 2 Woman 1	Nates
13m__BG12_01_2106.mzXML	Volunteer 2 Woman 1	Negative control
13m__BH1_01_2107.mzXML	Volunteer 2 Woman 1	Nates
13m__BH2_01_2108.mzXML	Volunteer 2 Woman 1	Nates
13m__BH3_01_2109.mzXML	Volunteer 2 Woman 1	Nates
13m__BH4_01_2110.mzXML	Volunteer 2 Woman 1	Nates
13m__BH5_01_2111.mzXML	Volunteer 2 Woman 1	Nates
13m__BH6_01_2112.mzXML	Volunteer 2 Woman 1	Nates
13m__BH7_01_2113.mzXML	Volunteer 2 Woman 1	Nates
13m__BH8_01_2114.mzXML	Volunteer 2 Woman 1	Nates
13m__BH9_01_2115.mzXML	Volunteer 2 Woman 1	Nates
13m__BH10_01_2116.mzXML	Volunteer 2 Woman 1	Nates
13m__BH11_01_2117.mzXML	Volunteer 2 Woman 1	Nates
13m__BH12_01_2118.mzXML	Volunteer 2 Woman 1	Nates
14m__BA1_01_2125.mzXML	Volunteer 2 Woman 1	Leginside
14m__BA2_01_2126.mzXML	Volunteer 2 Woman 1	Legback
14m__BA3_01_2127.mzXML	Volunteer 2 Woman 1	Legoutside
14m__BA4_01_2128.mzXML	Volunteer 2 Woman 1	Leginside
14m__BA5_01_2129.mzXML	Volunteer 2 Woman 1	Leginside
14m__BA6_01_2130.mzXML	Volunteer 2 Woman 1	Legoutside
14m__BA7_01_2131.mzXML	Volunteer 2 Woman 1	Legback
14m__BA8_01_2132.mzXML	Volunteer 2 Woman 1	Legback
14m__BA9_01_2133.mzXML	Volunteer 2 Woman 1	Legoutside
14m__BA10_01_2134.mzXML	Volunteer 2 Woman 1	Blank
14m__BA11_01_2135.mzXML	Volunteer 2 Woman 1	Blank
14m__BA12_01_2136.mzXML	Volunteer 2 Woman 1	Blank
14m__BB1_01_2137.mzXML	Volunteer 2 Woman 1	Armpit
14m__BB2_01_2138.mzXML	Volunteer 2 Woman 1	Blank
14m__BB3_01_2139.mzXML	Volunteer 2 Woman 1	Blank
14m__BB4_01_2140.mzXML	Volunteer 2 Woman 1	Armpit
14m__BB5_01_2141.mzXML	Volunteer 2 Woman 1	Armpit
14m__BB6_01_2142.mzXML	Volunteer 2 Woman 1	Blank
14m__BB7_01_2143.mzXML	Volunteer 2 Woman 1	Blank
14m__BB8_01_2144.mzXML	Volunteer 2 Woman 1	Armpit
14m__BB9_01_2145.mzXML	Volunteer 2 Woman 1	Armpit
14m__BB10_01_2146.mzXML	Volunteer 2 Woman 1	Armpit
14m__BB11_01_2147.mzXML	Volunteer 2 Woman 1	Armpit
14m__BB12_01_2148.mzXML	Volunteer 2 Woman 1	Armpit
14m__BC1_01_2149.mzXML	Volunteer 2 Woman 1	Armpit
14m__BC2_01_2150.mzXML	Volunteer 2 Woman 1	Armpit
14m__BC3_01_2151.mzXML	Volunteer 2 Woman 1	Armpit
14m__BC4_01_2152.mzXML	Volunteer 2 Woman 1	Armpit
14m__BC5_01_2153.mzXML	Volunteer 2 Woman 1	Blank
14m__BC6_01_2154.mzXML	Volunteer 2 Woman 1	Blank
14m__BC7_01_2155.mzXML	Volunteer 2 Woman 1	Blank
14m__BC8_01_2156.mzXML	Volunteer 2 Woman 1	Blank
14m__BC9_01_2157.mzXML	Volunteer 2 Woman 1	Blank
14m__BC10_01_2158.mzXML	Volunteer 2 Woman 1	Blank
14m__BC11_01_2159.mzXML	Volunteer 2 Woman 1	Blank
14m__BC12_01_2160.mzXML	Volunteer 2 Woman 1	Blank
14m__BD1_01_2161.mzXML	Volunteer 2 Woman 1	Negative control
14m__BD2_01_2162.mzXML	Volunteer 2 Woman 1	Negative control
14m__BD3_01_2163.mzXML	Volunteer 2 Woman 1	Negative control
14m__BD4_01_2164.mzXML	Volunteer 2 Woman 1	Negative control
14m__BD5_01_2165.mzXML	Volunteer 2 Woman 1	Negative control
14m__BD6_01_2166.mzXML	Volunteer 2 Woman 1	Negative control
14m__BD7_01_2167.mzXML	Volunteer 2 Woman 1	Negative control
14m__BD8_01_2168.mzXML	Volunteer 2 Woman 1	Negative control
14m__BD9_01_2169.mzXML	Volunteer 2 Woman 1	Negative control
14m__BD10_01_2170.mzXML	Volunteer 2 Woman 1	Negative control
14m__BD11_01_2171.mzXML	Volunteer 2 Woman 1	Negative control
14m__BD12_01_2172.mzXML	Volunteer 2 Woman 1	Negative control
14m__BE1_01_2173.mzXML	Volunteer 2 Woman 1	Negative control
14m__BE2_01_2174.mzXML	Volunteer 2 Woman 1	Negative control
14m__BE3_01_2175.mzXML	Volunteer 2 Woman 1	Negative control
14m__BE4_01_2176.mzXML	Volunteer 2 Woman 1	Negative control
14m__BE5_01_2177.mzXML	Volunteer 2 Woman 1	Negative control
14m__BE6_01_2178.mzXML	Volunteer 2 Woman 1	Negative control
14m__BE7_01_2179.mzXML	Volunteer 2 Woman 1	Negative control
14m__BE8_01_2180.mzXML	Volunteer 2 Woman 1	Negative control
14m__BE9_01_2181.mzXML	Volunteer 2 Woman 1	Negative control
14m__BE10_01_2182.mzXML	Volunteer 2 Woman 1	Negative control
14m__BE11_01_2183.mzXML	Volunteer 2 Woman 1	Negative control
14m__BE12_01_2184.mzXML	Volunteer 2 Woman 1	Negative control
14m__BF1_01_2185.mzXML	Volunteer 2 Woman 1	Negative control
14m__BF2_01_2186.mzXML	Volunteer 2 Woman 1	Negative control
14m__BF3_01_2187.mzXML	Volunteer 2 Woman 1	Negative control
14m__BF4_01_2188.mzXML	Volunteer 2 Woman 1	Negative control
14m__BF5_01_2189.mzXML	Volunteer 2 Woman 1	Negative control
14m__BF6_01_2190.mzXML	Volunteer 2 Woman 1	Negative control
14m__BF7_01_2191.mzXML	Volunteer 2 Woman 1	Negative control
14m__BF8_01_2192.mzXML	Volunteer 2 Woman 1	Negative control
14m__BF9_01_2193.mzXML	Volunteer 2 Woman 1	Negative control
14m__BF10_01_2194.mzXML	Volunteer 2 Woman 1	Negative control
14m__BF11_01_2195.mzXML	Volunteer 2 Woman 1	Negative control
14m__BF12_01_2196.mzXML	Volunteer 2 Woman 1	Negative control
14m__BG1_01_2197.mzXML	Volunteer 2 Woman 1	Negative control
14m__BG2_01_2198.mzXML	Volunteer 2 Woman 1	Negative control
14m__BG3_01_2199.mzXML	Volunteer 2 Woman 1	Negative control
14m__BG4_01_2200.mzXML	Volunteer 2 Woman 1	Negative control
14m__BG5_01_2201.mzXML	Volunteer 2 Woman 1	Negative control
14m__BG6_01_2202.mzXML	Volunteer 2 Woman 1	Negative control
14m__BG7_01_2203.mzXML	Volunteer 2 Woman 1	Negative control
14m__BG8_01_2204.mzXML	Volunteer 2 Woman 1	Negative control
14m__BG9_01_2205.mzXML	Volunteer 2 Woman 1	Negative control
14m__BG10_01_2206.mzXML	Volunteer 2 Woman 1	Negative control
14m__BG11_01_2207.mzXML	Volunteer 2 Woman 1	Negative control
14m__BG12_01_2208.mzXML	Volunteer 2 Woman 1	Negative control
14m__BH1_01_2209.mzXML	Volunteer 2 Woman 1	Negative control
14m__BH2_01_2210.mzXML	Volunteer 2 Woman 1	Negative control
14m__BH3_01_2211.mzXML	Volunteer 2 Woman 1	Negative control
14m__BH4_01_2212.mzXML	Volunteer 2 Woman 1	Negative control
14m__BH5_01_2213.mzXML	Volunteer 2 Woman 1	Negative control
14m__BH6_01_2214.mzXML	Volunteer 2 Woman 1	Negative control
14m__BH7_01_2215.mzXML	Volunteer 2 Woman 1	Negative control
14m__BH8_01_2216.mzXML	Volunteer 2 Woman 1	Negative control
14m__BH9_01_2217.mzXML	Volunteer 2 Woman 1	Negative control
14m__BH10_01_2218.mzXML	Volunteer 2 Woman 1	Negative control
14m__BH11_01_2219.mzXML	Volunteer 2 Woman 1	Negative control
14m__BH12_01_2220.mzXML	Volunteer 2 Woman 1	Negative control
m15__BA1_01_2230.mzXML	Volunteer 2 Woman 1	Headside
m15__BA2_01_2231.mzXML	Volunteer 2 Woman 1	Headside
m15__BA3_01_2232.mzXML	Volunteer 2 Woman 1	Headside
m15__BA4_01_2233.mzXML	Volunteer 2 Woman 1	Headside
m15__BA5_01_2234.mzXML	Volunteer 2 Woman 1	Headside
m15__BA6_01_2235.mzXML	Volunteer 2 Woman 1	Headside
m15__BA7_01_2236.mzXML	Volunteer 2 Woman 1	Headside
m15__BA8_01_2237.mzXML	Volunteer 2 Woman 1	Headside
m15__BA9_01_2238.mzXML	Volunteer 2 Woman 1	Headside
m15__BA10_01_2239.mzXML	Volunteer 2 Woman 1	Headside
m15__BA11_01_2240.mzXML	Volunteer 2 Woman 1	Headside
m15__BA12_01_2241.mzXML	Volunteer 2 Woman 1	Headside
m15__BB1_01_2242.mzXML	Volunteer 2 Woman 1	Headside
m15__BB2_01_2243.mzXML	Volunteer 2 Woman 1	Headside
m15__BB3_01_2244.mzXML	Volunteer 2 Woman 1	Headside
m15__BB4_01_2245.mzXML	Volunteer 2 Woman 1	Headside
m15__BB5_01_2246.mzXML	Volunteer 2 Woman 1	Headside
m15__BB6_01_2247.mzXML	Volunteer 2 Woman 1	Headside
m15__BB7_01_2248.mzXML	Volunteer 2 Woman 1	Headside
m15__BB8_01_2249.mzXML	Volunteer 2 Woman 1	Headside
m15__BB9_01_2250.mzXML	Volunteer 2 Woman 1	Headside
m15__BB10_01_2251.mzXML	Volunteer 2 Woman 1	Headside
m15__BB11_01_2252.mzXML	Volunteer 2 Woman 1	Headside
m15__BB12_01_2253.mzXML	Volunteer 2 Woman 1	Headside
m15__BC1_01_2254.mzXML	Volunteer 2 Woman 1	Ear
m15__BC2_01_2255.mzXML	Volunteer 2 Woman 1	Ear
m15__BC3_01_2256.mzXML	Volunteer 2 Woman 1	Ear
m15__BC4_01_2257.mzXML	Volunteer 2 Woman 1	Ear
m15__BC5_01_2258.mzXML	Volunteer 2 Woman 1	Ear
m15__BC6_01_2259.mzXML	Volunteer 2 Woman 1	Ear
m15__BC7_01_2260.mzXML	Volunteer 2 Woman 1	Ear
m15__BC8_01_2261.mzXML	Volunteer 2 Woman 1	Ear
m15__BC9_01_2262.mzXML	Volunteer 2 Woman 1	Ear
m15__BC10_01_2263.mzXML	Volunteer 2 Woman 1	Ear
m15__BC11_01_2264.mzXML	Volunteer 2 Woman 1	Face
m15__BC12_01_2265.mzXML	Volunteer 2 Woman 1	Face
m15__BD1_01_2266.mzXML	Volunteer 2 Woman 1	Face
m15__BD2_01_2267.mzXML	Volunteer 2 Woman 1	Face
m15__BD3_01_2268.mzXML	Volunteer 2 Woman 1	Face
m15__BD4_01_2269.mzXML	Volunteer 2 Woman 1	Face
m15__BD5_01_2270.mzXML	Volunteer 2 Woman 1	Face
m15__BD6_01_2271.mzXML	Volunteer 2 Woman 1	Face
m15__BD7_01_2272.mzXML	Volunteer 2 Woman 1	Face
m15__BD8_01_2273.mzXML	Volunteer 2 Woman 1	Face
m15__BD9_01_2274.mzXML	Volunteer 2 Woman 1	Face
m15__BD10_01_2275.mzXML	Volunteer 2 Woman 1	Face
m15__BD11_01_2276.mzXML	Volunteer 2 Woman 1	Face
m15__BD12_01_2277.mzXML	Volunteer 2 Woman 1	Face
m15__BE1_01_2278.mzXML	Volunteer 2 Woman 1	Face
m15__BE2_01_2279.mzXML	Volunteer 2 Woman 1	Face
m15__BE3_01_2280.mzXML	Volunteer 2 Woman 1	Face
m15__BE4_01_2281.mzXML	Volunteer 2 Woman 1	Face
m15__BE5_01_2282.mzXML	Volunteer 2 Woman 1	Face
m15__BE6_01_2283.mzXML	Volunteer 2 Woman 1	Face
m15__BE7_01_2284.mzXML	Volunteer 2 Woman 1	Face
m15__BE8_01_2285.mzXML	Volunteer 2 Woman 1	Face
m15__BE9_01_2286.mzXML	Volunteer 2 Woman 1	Face
m15__BE10_01_2287.mzXML	Volunteer 2 Woman 1	Face
m15__BE11_01_2288.mzXML	Volunteer 2 Woman 1	Face
m15__BE12_01_2289.mzXML	Volunteer 2 Woman 1	Blank
m15__BF1_01_2290.mzXML	Volunteer 2 Woman 1	Negative control
m15__BF2_01_2291.mzXML	Volunteer 2 Woman 1	Face
m15__BF3_01_2292.mzXML	Volunteer 2 Woman 1	Face
m15__BF4_01_2293.mzXML	Volunteer 2 Woman 1	Face
m15__BF5_01_2294.mzXML	Volunteer 2 Woman 1	Face
m15__BF6_01_2295.mzXML	Volunteer 2 Woman 1	Face
m15__BF7_01_2296.mzXML	Volunteer 2 Woman 1	Face
m15__BF8_01_2297.mzXML	Volunteer 2 Woman 1	Face
m15__BF9_01_2298.mzXML	Volunteer 2 Woman 1	Face
m15__BF10_01_2299.mzXML	Volunteer 2 Woman 1	Face
m15__BF11_01_2300.mzXML	Volunteer 2 Woman 1	Face
m15__BF12_01_2301.mzXML	Volunteer 2 Woman 1	Face
m15__BG1_01_2302.mzXML	Volunteer 2 Woman 1	Blank
m15__BG2_01_2303.mzXML	Volunteer 2 Woman 1	Blank
m15__BG3_01_2304.mzXML	Volunteer 2 Woman 1	Blank
m15__BG4_01_2305.mzXML	Volunteer 2 Woman 1	Blank
m15__BG5_01_2306.mzXML	Volunteer 2 Woman 1	Negative control
m15__BG6_01_2307.mzXML	Volunteer 2 Woman 1	Negative control
m15__BG7_01_2308.mzXML	Volunteer 2 Woman 1	Negative control
m15__BG8_01_2309.mzXML	Volunteer 2 Woman 1	Negative control
m15__BG9_01_2310.mzXML	Volunteer 2 Woman 1	Negative control
m15__BG10_01_2311.mzXML	Volunteer 2 Woman 1	Negative control
m15__BG11_01_2312.mzXML	Volunteer 2 Woman 1	Negative control
m15__BG12_01_2313.mzXML	Volunteer 2 Woman 1	Negative control
m15__BH1_01_2314.mzXML	Volunteer 2 Woman 1	Negative control
m15__BH2_01_2315.mzXML	Volunteer 2 Woman 1	Negative control
m15__BH3_01_2316.mzXML	Volunteer 2 Woman 1	Negative control
m15__BH4_01_2317.mzXML	Volunteer 2 Woman 1	Negative control
m15__BH5_01_2318.mzXML	Volunteer 2 Woman 1	Negative control
m15__BH6_01_2319.mzXML	Volunteer 2 Woman 1	Negative control
m15__BH7_01_2320.mzXML	Volunteer 2 Woman 1	Negative control
m15__BH8_01_2321.mzXML	Volunteer 2 Woman 1	Negative control
m15__BH9_01_2322.mzXML	Volunteer 2 Woman 1	Negative control
m15__BH10_01_2323.mzXML	Volunteer 2 Woman 1	Negative control
m15__BH11_01_2324.mzXML	Volunteer 2 Woman 1	Negative control
m15__BH12_01_2325.mzXML	Volunteer 2 Woman 1	Negative control
Plate1_V3_GA4_01_12062.mzXML	Volunteer 3 Man 2	Handfront
Plate1_V3_GA5_01_12063.mzXML	Volunteer 3 Man 2	Handfront
Plate1_V3_GA6_01_12064.mzXML	Volunteer 3 Man 2	Handfront
Plate1_V3_GA7_01_12070.mzXML	Volunteer 3 Man 2	Handfront
Plate1_V3_GA8_01_12071.mzXML	Volunteer 3 Man 2	Handfront
Plate1_V3_GA9_01_12072.mzXML	Volunteer 3 Man 2	Handfront
Plate1_V3_GA11_01_12074.mzXML	Volunteer 3 Man 2	Handfront
Plate1_V3_GA12_01_12075.mzXML	Volunteer 3 Man 2	Handfront
Plate1_V3_GB1_01_12079.mzXML	Volunteer 3 Man 2	Handfront
Plate1_V3_GB2_01_12194.mzXML	Volunteer 3 Man 2	Handfront
Plate1_V3_GB3_01_12198.mzXML	Volunteer 3 Man 2	Handfront
Plate1_V3_GB4_01_12199.mzXML	Volunteer 3 Man 2	Handfront
Plate1_V3_GB5_01_12083.mzXML	Volunteer 3 Man 2	Handfront
Plate1_V3_GB6_01_12084.mzXML	Volunteer 3 Man 2	Handfront
Plate1_V3_GB7_01_12087.mzXML	Volunteer 3 Man 2	Handfront
Plate1_V3_GB8_01_12088.mzXML	Volunteer 3 Man 2	Handfront
Plate1_V3_GB9_01_12089.mzXML	Volunteer 3 Man 2	Handfront
Plate1_V3_GB10_01_12090.mzXML	Volunteer 3 Man 2	Handfront
Plate1_V3_GB11_01_12091.mzXML	Volunteer 3 Man 2	Handfront
Plate1_V3_GB12_01_12092.mzXML	Volunteer 3 Man 2	Handfront
Plate1_V3_GC1_01_12200.mzXML	Volunteer 3 Man 2	Handfront
Plate1_V3_GC2_01_12097.mzXML	Volunteer 3 Man 2	Handfront
Plate1_V3_GC3_01_12098.mzXML	Volunteer 3 Man 2	Handfront
Plate1_V3_GC4_01_12099.mzXML	Volunteer 3 Man 2	Handfront
Plate1_V3_GC5_01_12201.mzXML	Volunteer 3 Man 2	Handfront
Plate1_V3_GC6_01_12101.mzXML	Volunteer 3 Man 2	Handfront
Plate1_V3_GC7_01_12220.mzXML	Volunteer 3 Man 2	Handfront
Plate1_V3_GC8_01_12105.mzXML	Volunteer 3 Man 2	Handfront
Plate1_V3_GC9_01_12106.mzXML	Volunteer 3 Man 2	Handfront
Plate1_V3_GC10_01_12203.mzXML	Volunteer 3 Man 2	Handfront
Plate1_V3_GC11_01_12108.mzXML	Volunteer 3 Man 2	Handfront
Plate1_V3_GC12_01_12109.mzXML	Volunteer 3 Man 2	Handrear
Plate1_V3_GD1_01_12113.mzXML	Volunteer 3 Man 2	Handrear
Plate1_V3_GD2_01_12114.mzXML	Volunteer 3 Man 2	Handrear
Plate1_V3_GD3_01_12115.mzXML	Volunteer 3 Man 2	Handrear
Plate1_V3_GD4_01_12206.mzXML	Volunteer 3 Man 2	Handrear
Plate1_V3_GD5_01_12117.mzXML	Volunteer 3 Man 2	Handrear
Plate1_V3_GD6_01_12118.mzXML	Volunteer 3 Man 2	Handrear
Plate1_V3_GD7_01_12207.mzXML	Volunteer 3 Man 2	Handrear
Plate1_V3_GD8_01_12122.mzXML	Volunteer 3 Man 2	Handrear
Plate1_V3_GD9_01_12123.mzXML	Volunteer 3 Man 2	Handrear
Plate1_V3_GD10_01_12124.mzXML	Volunteer 3 Man 2	Handrear
Plate1_V3_GD11_01_12125.mzXML	Volunteer 3 Man 2	Handrear
Plate1_V3_GD12_01_12126.mzXML	Volunteer 3 Man 2	Handrear
Plate1_V3_GE1_01_12208.mzXML	Volunteer 3 Man 2	Handrear
Plate1_V3_GE2_01_12131.mzXML	Volunteer 3 Man 2	Handrear
Plate1_V3_GE3_01_12132.mzXML	Volunteer 3 Man 2	Handrear
Plate1_V3_GE4_01_12209.mzXML	Volunteer 3 Man 2	Handrear
Plate1_V3_GE5_01_12134.mzXML	Volunteer 3 Man 2	Handrear
Plate1_V3_GE6_01_12210.mzXML	Volunteer 3 Man 2	Handrear
Plate1_V3_GE7_01_12138.mzXML	Volunteer 3 Man 2	Handrear
Plate1_V3_GE8_01_12139.mzXML	Volunteer 3 Man 2	Handrear
Plate1_V3_GE9_01_12140.mzXML	Volunteer 3 Man 2	Handrear
Plate1_V3_GE10_01_12141.mzXML	Volunteer 3 Man 2	Handrear
Plate1_V3_GE11_01_12142.mzXML	Volunteer 3 Man 2	Handrear
Plate1_V3_GE12_01_12143.mzXML	Volunteer 3 Man 2	Handrear
Plate1_V3_GF1_01_12147.mzXML	Volunteer 3 Man 2	Handrear
Plate1_V3_GF2_01_12211.mzXML	Volunteer 3 Man 2	Handrear
Plate1_V3_GF3_01_12149.mzXML	Volunteer 3 Man 2	Handrear
Plate1_V3_GF4_01_12150.mzXML	Volunteer 3 Man 2	Foottop
Plate1_V3_GF5_01_12212.mzXML	Volunteer 3 Man 2	Foottop
Plate1_V3_GF6_01_12152.mzXML	Volunteer 3 Man 2	Foottop
Plate1_V3_GF7_01_12154.mzXML	Volunteer 3 Man 2	Foottop
Plate1_V3_GF8_01_12155.mzXML	Volunteer 3 Man 2	Foottop
Plate1_V3_GF9_01_12171.mzXML	Volunteer 3 Man 2	Foottop
Plate1_V3_GF10_01_12157.mzXML	Volunteer 3 Man 2	Foottop
Plate1_V3_GF11_01_12158.mzXML	Volunteer 3 Man 2	Foottop
Plate1_V3_GF12_01_12172.mzXML	Volunteer 3 Man 2	Foottop
Plate1_V3_GG1_01_12163.mzXML	Volunteer 3 Man 2	Foottop
Plate1_V3_GG2_01_12175.mzXML	Volunteer 3 Man 2	Foottop
Plate1_V3_GG3_01_12165.mzXML	Volunteer 3 Man 2	Foottop
Plate1_V3_GG4_01_12166.mzXML	Volunteer 3 Man 2	Foottop
Plate1_V3_GG5_01_12176.mzXML	Volunteer 3 Man 2	Foottop
Plate1_V3_GG6_01_12168.mzXML	Volunteer 3 Man 2	Foottop
Plate1_V3_GH1_01_12177.mzXML	Volunteer 3 Man 2	Foottop
Plate1_V3_GH2_01_12178.mzXML	Volunteer 3 Man 2	Foottop
Plate1_V3_GH3_01_12182.mzXML	Volunteer 3 Man 2	Foottop
Plate1_V3_GH4_01_12183.mzXML	Volunteer 3 Man 2	Footbottom
Plate1_V3_GH5_01_12184.mzXML	Volunteer 3 Man 2	Footbottom
Plate1_V3_GH6_01_12185.mzXML	Volunteer 3 Man 2	Footbottom
Plate1_V3_GH7_01_12186.mzXML	Volunteer 3 Man 2	Footbottom
Plate1_V3_GH8_01_12187.mzXML	Volunteer 3 Man 2	Footbottom
Plate1_V3_GH9_01_12415.mzXML	Volunteer 3 Man 2	Footbottom
Plate1_V3_GH10_01_12190.mzXML	Volunteer 3 Man 2	Footbottom
Plate1_V3_GH11_01_12191.mzXML	Volunteer 3 Man 2	Footbottom
Plate1_V3_GH12_01_12192.mzXML	Volunteer 3 Man 2	Footbottom
Plate2_V3_GA1_01_11582.mzXML	Volunteer 3 Man 2	Footbottom
Plate2_V3_GA2_01_11585.mzXML	Volunteer 3 Man 2	Footbottom
Plate2_V3_GA3_01_11607.mzXML	Volunteer 3 Man 2	Footbottom
Plate2_V3_GA4_01_11608.mzXML	Volunteer 3 Man 2	Footbottom
Plate2_V3_GA5_01_11586.mzXML	Volunteer 3 Man 2	Footbottom
Plate2_V3_GA6_01_11587.mzXML	Volunteer 3 Man 2	Footbottom
Plate2_V3_GA7_01_11454.mzXML	Volunteer 3 Man 2	Footbottom
Plate2_V3_GA8_01_11588.mzXML	Volunteer 3 Man 2	Footbottom
Plate2_V3_GA9_01_11456.mzXML	Volunteer 3 Man 2	Footbottom
Plate2_V3_GA10_01_11457.mzXML	Volunteer 3 Man 2	Footbottom
Plate2_V3_GA11_01_11458.mzXML	Volunteer 3 Man 2	Footbottom
Plate2_V3_GA12_01_11459.mzXML	Volunteer 3 Man 2	Footbottom
Plate2_V3_GB1_01_11591.mzXML	Volunteer 3 Man 2	Footbottom
Plate2_V3_GB2_01_11592.mzXML	Volunteer 3 Man 2	Footbottom
Plate2_V3_GB3_01_11464.mzXML	Volunteer 3 Man 2	Footbottom
Plate2_V3_GB4_01_11465.mzXML	Volunteer 3 Man 2	Footbottom
Plate2_V3_GB5_01_11466.mzXML	Volunteer 3 Man 2	Footbottom
Plate2_V3_GB6_01_11470.mzXML	Volunteer 3 Man 2	Footbottom
Plate2_V3_GB7_01_11471.mzXML	Volunteer 3 Man 2	Footbottom
Plate2_V3_GB8_01_11472.mzXML	Volunteer 3 Man 2	Face
Plate2_V3_GB9_01_11473.mzXML	Volunteer 3 Man 2	Face
Plate2_V3_GB10_01_11474.mzXML	Volunteer 3 Man 2	Face
Plate2_V3_GB11_01_11475.mzXML	Volunteer 3 Man 2	Face
Plate2_V3_GB12_01_11476.mzXML	Volunteer 3 Man 2	Face
Plate2_V3_GC1_01_11594.mzXML	Volunteer 3 Man 2	Face
Plate2_V3_GC2_01_11480.mzXML	Volunteer 3 Man 2	Face
Plate2_V3_GC3_01_11481.mzXML	Volunteer 3 Man 2	Face
Plate2_V3_GC4_01_11482.mzXML	Volunteer 3 Man 2	Face
Plate2_V3_GC5_01_11483.mzXML	Volunteer 3 Man 2	Face
Plate2_V3_GC6_01_11484.mzXML	Volunteer 3 Man 2	Face
Plate2_V3_GC7_01_11487.mzXML	Volunteer 3 Man 2	Face
Plate2_V3_GC8_01_11488.mzXML	Volunteer 3 Man 2	Face
Plate2_V3_GC9_01_11489.mzXML	Volunteer 3 Man 2	Face
Plate2_V3_GC10_01_11490.mzXML	Volunteer 3 Man 2	Face
Plate2_V3_GC11_01_11491.mzXML	Volunteer 3 Man 2	Face
Plate2_V3_GC12_01_11492.mzXML	Volunteer 3 Man 2	Face
Plate2_V3_GD1_01_11595.mzXML	Volunteer 3 Man 2	Face
Plate2_V3_GD2_01_11496.mzXML	Volunteer 3 Man 2	Face
Plate2_V3_GD3_01_11497.mzXML	Volunteer 3 Man 2	Face
Plate2_V3_GD4_01_11498.mzXML	Volunteer 3 Man 2	Face
Plate2_V3_GD5_01_11499.mzXML	Volunteer 3 Man 2	Face
Plate2_V3_GD6_01_11500.mzXML	Volunteer 3 Man 2	Face
Plate2_V3_GD7_01_11503.mzXML	Volunteer 3 Man 2	Face
Plate2_V3_GD8_01_11504.mzXML	Volunteer 3 Man 2	Face
Plate2_V3_GD9_01_11505.mzXML	Volunteer 3 Man 2	Face
Plate2_V3_GD10_01_11506.mzXML	Volunteer 3 Man 2	Face
Plate2_V3_GD11_01_11507.mzXML	Volunteer 3 Man 2	Face
Plate2_V3_GD12_01_11508.mzXML	Volunteer 3 Man 2	Face
Plate2_V3_GE1_01_11511.mzXML	Volunteer 3 Man 2	Face
Plate2_V3_GE2_01_11512.mzXML	Volunteer 3 Man 2	Face
Plate2_V3_GE3_01_11513.mzXML	Volunteer 3 Man 2	Face
Plate2_V3_GE4_01_11514.mzXML	Volunteer 3 Man 2	Face
Plate2_V3_GE5_01_11515.mzXML	Volunteer 3 Man 2	Face
Plate2_V3_GE6_01_11516.mzXML	Volunteer 3 Man 2	Face
Plate2_V3_GE7_01_11519.mzXML	Volunteer 3 Man 2	Face
Plate2_V3_GE8_01_11520.mzXML	Volunteer 3 Man 2	Face
Plate2_V3_GE9_01_11521.mzXML	Volunteer 3 Man 2	Face
Plate2_V3_GE10_01_11522.mzXML	Volunteer 3 Man 2	Face
Plate2_V3_GE11_01_11523.mzXML	Volunteer 3 Man 2	Face
Plate2_V3_GE12_01_11524.mzXML	Volunteer 3 Man 2	Face
Plate2_V3_GF1_01_11527.mzXML	Volunteer 3 Man 2	Headside
Plate2_V3_GF2_01_11528.mzXML	Volunteer 3 Man 2	Headside
Plate2_V3_GF3_01_11529.mzXML	Volunteer 3 Man 2	Headside
Plate2_V3_GF4_01_11530.mzXML	Volunteer 3 Man 2	Headside
Plate2_V3_GF5_01_11531.mzXML	Volunteer 3 Man 2	Headside
Plate2_V3_GF6_01_11532.mzXML	Volunteer 3 Man 2	Headside
Plate2_V3_GF7_01_11535.mzXML	Volunteer 3 Man 2	Headside
Plate2_V3_GF8_01_11536.mzXML	Volunteer 3 Man 2	Headside
Plate2_V3_GF9_01_11537.mzXML	Volunteer 3 Man 2	Headside
Plate2_V3_GF10_01_11538.mzXML	Volunteer 3 Man 2	Headside
Plate2_V3_GF11_01_11539.mzXML	Volunteer 3 Man 2	Headside
Plate2_V3_GF12_01_11540.mzXML	Volunteer 3 Man 2	Headside
Plate2_V3_GG1_01_11544.mzXML	Volunteer 3 Man 2	Headside
Plate2_V3_GG2_01_11545.mzXML	Volunteer 3 Man 2	Headside
Plate2_V3_GG3_01_11546.mzXML	Volunteer 3 Man 2	Headside
Plate2_V3_GG4_01_11547.mzXML	Volunteer 3 Man 2	Headside
Plate2_V3_GG5_01_11548.mzXML	Volunteer 3 Man 2	Headside
Plate2_V3_GG6_01_11549.mzXML	Volunteer 3 Man 2	Headside
Plate2_V3_GG7_01_11552.mzXML	Volunteer 3 Man 2	Headside
Plate2_V3_GG8_01_11553.mzXML	Volunteer 3 Man 2	Headside
Plate2_V3_GG9_01_11554.mzXML	Volunteer 3 Man 2	Headside
Plate2_V3_GG10_01_11555.mzXML	Volunteer 3 Man 2	Headside
Plate2_V3_GG11_01_11556.mzXML	Volunteer 3 Man 2	Headside
Plate2_V3_GG12_01_11557.mzXML	Volunteer 3 Man 2	Headside
Plate2_V3_GH1_01_11560.mzXML	Volunteer 3 Man 2	Headside
Plate2_V3_GH2_01_11561.mzXML	Volunteer 3 Man 2	Headside
Plate2_V3_GH3_01_11562.mzXML	Volunteer 3 Man 2	Headside
Plate2_V3_GH4_01_11563.mzXML	Volunteer 3 Man 2	Headside
Plate2_V3_GH5_01_11564.mzXML	Volunteer 3 Man 2	Headtop
Plate2_V3_GH6_01_11565.mzXML	Volunteer 3 Man 2	Headtop
Plate2_V3_GH7_01_11568.mzXML	Volunteer 3 Man 2	Headback
Plate2_V3_GH8_01_11569.mzXML	Volunteer 3 Man 2	Headback
Plate2_V3_GH9_01_11570.mzXML	Volunteer 3 Man 2	Headback
Plate2_V3_GH10_01_11571.mzXML	Volunteer 3 Man 2	Headback
Plate2_V3_GH11_01_11572.mzXML	Volunteer 3 Man 2	Headback
Plate2_V3_GH12_01_11573.mzXML	Volunteer 3 Man 2	Headback
Plate3_V3_GA1_01_11622.mzXML	Volunteer 3 Man 2	Shoulderback
Plate3_V3_GA2_01_11613.mzXML	Volunteer 3 Man 2	Shoulderback
Plate3_V3_GA3_01_11614.mzXML	Volunteer 3 Man 2	Back
Plate3_V3_GA4_01_11615.mzXML	Volunteer 3 Man 2	Shoulderback
Plate3_V3_GA5_01_11616.mzXML	Volunteer 3 Man 2	Arm
Plate3_V3_GA6_01_11617.mzXML	Volunteer 3 Man 2	Back
Plate3_V3_GA7_01_11620.mzXML	Volunteer 3 Man 2	Back
Plate3_V3_GA8_01_11621.mzXML	Volunteer 3 Man 2	Arm
Plate3_V3_GA9_01_11623.mzXML	Volunteer 3 Man 2	Back
Plate3_V3_GA10_01_11624.mzXML	Volunteer 3 Man 2	Arm
Plate3_V3_GA11_01_11625.mzXML	Volunteer 3 Man 2	Arm
Plate3_V3_GA12_01_11626.mzXML	Volunteer 3 Man 2	Back
Plate3_V3_GB1_01_11630.mzXML	Volunteer 3 Man 2	Back
Plate3_V3_GB2_01_11631.mzXML	Volunteer 3 Man 2	Back
Plate3_V3_GB3_01_11632.mzXML	Volunteer 3 Man 2	Arm
Plate3_V3_GB4_01_11633.mzXML	Volunteer 3 Man 2	Arm
Plate3_V3_GB5_01_11634.mzXML	Volunteer 3 Man 2	Arm
Plate3_V3_GB6_01_11635.mzXML	Volunteer 3 Man 2	Arm
Plate3_V3_GB7_01_11639.mzXML	Volunteer 3 Man 2	Arm
Plate3_V3_GB8_01_11640.mzXML	Volunteer 3 Man 2	Hand
Plate3_V3_GB9_01_11641.mzXML	Volunteer 3 Man 2	Back
Plate3_V3_GB10_01_11642.mzXML	Volunteer 3 Man 2	Back
Plate3_V3_GB11_01_11643.mzXML	Volunteer 3 Man 2	Back
Plate3_V3_GB12_01_11644.mzXML	Volunteer 3 Man 2	Legback
Plate3_V3_GC1_01_11648.mzXML	Volunteer 3 Man 2	Legback
Plate3_V3_GC2_01_11649.mzXML	Volunteer 3 Man 2	Legback
Plate3_V3_GC3_01_11650.mzXML	Volunteer 3 Man 2	Legback
Plate3_V3_GC4_01_11651.mzXML	Volunteer 3 Man 2	Legback
Plate3_V3_GC5_01_11652.mzXML	Volunteer 3 Man 2	Legback
Plate3_V3_GC6_01_11653.mzXML	Volunteer 3 Man 2	Legback
Plate3_V3_GC7_01_11662.mzXML	Volunteer 3 Man 2	Legback
Plate3_V3_GC8_01_11657.mzXML	Volunteer 3 Man 2	Legback
Plate3_V3_GC9_01_11658.mzXML	Volunteer 3 Man 2	Legback
Plate3_V3_GC10_01_11659.mzXML	Volunteer 3 Man 2	Legback
Plate3_V3_GC11_01_11660.mzXML	Volunteer 3 Man 2	Legback
Plate3_V3_GC12_01_11661.mzXML	Volunteer 3 Man 2	Legback
Plate3_V3_GD1_01_11666.mzXML	Volunteer 3 Man 2	Legback
Plate3_V3_GD2_01_11667.mzXML	Volunteer 3 Man 2	Legback
Plate3_V3_GD3_01_11668.mzXML	Volunteer 3 Man 2	Shoulderfront
Plate3_V3_GD4_01_11669.mzXML	Volunteer 3 Man 2	Neck
Plate3_V3_GD5_01_11670.mzXML	Volunteer 3 Man 2	Neck
Plate3_V3_GD6_01_11671.mzXML	Volunteer 3 Man 2	Pectoral
Plate3_V3_GD7_01_11674.mzXML	Volunteer 3 Man 2	Pectoral
Plate3_V3_GD8_01_11675.mzXML	Volunteer 3 Man 2	Pectoral
Plate3_V3_GD9_01_11676.mzXML	Volunteer 3 Man 2	Pectoral
Plate3_V3_GD10_01_11677.mzXML	Volunteer 3 Man 2	Shoulderfront
Plate3_V3_GD11_01_11678.mzXML	Volunteer 3 Man 2	Pectoral
Plate3_V3_GD12_01_11679.mzXML	Volunteer 3 Man 2	Arm
Plate3_V3_GE1_01_11764.mzXML	Volunteer 3 Man 2	Arm
Plate3_V3_GE2_01_11684.mzXML	Volunteer 3 Man 2	Arm
Plate3_V3_GE3_01_11685.mzXML	Volunteer 3 Man 2	Arm
Plate3_V3_GE4_01_11686.mzXML	Volunteer 3 Man 2	Arm
Plate3_V3_GE5_01_11687.mzXML	Volunteer 3 Man 2	Arm
Plate3_V3_GE6_01_11688.mzXML	Volunteer 3 Man 2	Arm
Plate3_V3_GE7_01_11691.mzXML	Volunteer 3 Man 2	Arm
Plate3_V3_GE8_01_11692.mzXML	Volunteer 3 Man 2	Arm
Plate3_V3_GE9_01_11693.mzXML	Volunteer 3 Man 2	Arm
Plate3_V3_GE10_01_11694.mzXML	Volunteer 3 Man 2	Arm
Plate3_V3_GE11_01_11695.mzXML	Volunteer 3 Man 2	Arm
Plate3_V3_GE12_01_11696.mzXML	Volunteer 3 Man 2	Arm
Plate3_V3_GF1_01_11765.mzXML	Volunteer 3 Man 2	Arm
Plate3_V3_GF2_01_11766.mzXML	Volunteer 3 Man 2	Armpit
Plate3_V3_GF3_01_11735.mzXML	Volunteer 3 Man 2	Armpit
Plate3_V3_GF4_01_11703.mzXML	Volunteer 3 Man 2	Armpit
Plate3_V3_GF5_01_11704.mzXML	Volunteer 3 Man 2	Armpit
Plate3_V3_GF6_01_11705.mzXML	Volunteer 3 Man 2	Armpit
Plate3_V3_GF7_01_11708.mzXML	Volunteer 3 Man 2	Armpit
Plate3_V3_GF8_01_11710.mzXML	Volunteer 3 Man 2	Armpit
Plate3_V3_GF9_01_11711.mzXML	Volunteer 3 Man 2	Armpit
Plate3_V3_GF10_01_11712.mzXML	Volunteer 3 Man 2	Armpit
Plate3_V3_GF11_01_11713.mzXML	Volunteer 3 Man 2	Armpit
Plate3_V3_GF12_01_11714.mzXML	Volunteer 3 Man 2	Armpit
Plate3_V3_GG1_01_11767.mzXML	Volunteer 3 Man 2	Side
Plate3_V3_GG2_01_11719.mzXML	Volunteer 3 Man 2	Side
Plate3_V3_GG3_01_11768.mzXML	Volunteer 3 Man 2	Side
Plate3_V3_GG4_01_11721.mzXML	Volunteer 3 Man 2	Side
Plate3_V3_GG5_01_11722.mzXML	Volunteer 3 Man 2	Side
Plate3_V3_GG6_01_11723.mzXML	Volunteer 3 Man 2	Side
Plate3_V3_GG7_01_11726.mzXML	Volunteer 3 Man 2	Pectoral
Plate3_V3_GG8_01_11727.mzXML	Volunteer 3 Man 2	Pectoral
Plate3_V3_GG9_01_11728.mzXML	Volunteer 3 Man 2	Pectoral
Plate3_V3_GG10_01_11769.mzXML	Volunteer 3 Man 2	Pectoral
Plate3_V3_GG11_01_11730.mzXML	Volunteer 3 Man 2	Pectoral
Plate3_V3_GG12_01_11737.mzXML	Volunteer 3 Man 2	Pectoral
Plate3_V3_GH1_01_11782.mzXML	Volunteer 3 Man 2	Front
Plate3_V3_GH2_01_11748.mzXML	Volunteer 3 Man 2	Front
Plate3_V3_GH3_01_11749.mzXML	Volunteer 3 Man 2	Front
Plate3_V3_GH4_01_11783.mzXML	Volunteer 3 Man 2	Front
Plate3_V3_GH5_01_11784.mzXML	Volunteer 3 Man 2	Front
Plate3_V3_GH6_01_11785.mzXML	Volunteer 3 Man 2	Front
Plate3_V3_GH7_01_11786.mzXML	Volunteer 3 Man 2	Front
Plate3_V3_GH8_01_11756.mzXML	Volunteer 3 Man 2	Navel
Plate3_V3_GH9_01_11757.mzXML	Volunteer 3 Man 2	Navel
Plate3_V3_GH10_01_11758.mzXML	Volunteer 3 Man 2	Navel
Plate3_V3_GH11_01_11787.mzXML	Volunteer 3 Man 2	Navel
Plate3_V3_GH12_01_11760.mzXML	Volunteer 3 Man 2	Navel
Plate4_V3_GA1_01_12032.mzXML	Volunteer 3 Man 2	Legfront
Plate4_V3_GA2_01_11899.mzXML	Volunteer 3 Man 2	Legfront
Plate4_V3_GA3_01_11900.mzXML	Volunteer 3 Man 2	Legfront
Plate4_V3_GA4_01_11903.mzXML	Volunteer 3 Man 2	Legfront
Plate4_V3_GA5_01_12033.mzXML	Volunteer 3 Man 2	Legfront
Plate4_V3_GA6_01_11898.mzXML	Volunteer 3 Man 2	Legfront
Plate4_V3_GA7_01_11907.mzXML	Volunteer 3 Man 2	Legfront
Plate4_V3_GA8_01_12034.mzXML	Volunteer 3 Man 2	Legfront
Plate4_V3_GA9_01_11830.mzXML	Volunteer 3 Man 2	knees
Plate4_V3_GA10_01_11831.mzXML	Volunteer 3 Man 2	knees
Plate4_V3_GA11_01_11832.mzXML	Volunteer 3 Man 2	Legfront
Plate4_V3_GA12_01_11909.mzXML	Volunteer 3 Man 2	Legfront
Plate4_V3_GB1_01_12035.mzXML	Volunteer 3 Man 2	Legfront
Plate4_V3_GB2_01_11911.mzXML	Volunteer 3 Man 2	Legfront
Plate4_V3_GB3_01_11902.mzXML	Volunteer 3 Man 2	Legfront
Plate4_V3_GB4_01_12038.mzXML	Volunteer 3 Man 2	Legfront
Plate4_V3_GB5_01_11827.mzXML	Volunteer 3 Man 2	Legfront
Plate4_V3_GB6_01_11916.mzXML	Volunteer 3 Man 2	Legfront
Plate4_V3_GB7_01_11839.mzXML	Volunteer 3 Man 2	Legfront
Plate4_V3_GB8_01_11917.mzXML	Volunteer 3 Man 2	Legfront
Plate4_V3_GB9_01_11841.mzXML	Volunteer 3 Man 2	knees
Plate4_V3_GB10_01_11842.mzXML	Volunteer 3 Man 2	Leginside
Plate4_V3_GB11_01_11918.mzXML	Volunteer 3 Man 2	Leginside
Plate4_V3_GB12_01_11919.mzXML	Volunteer 3 Man 2	Leginside
Plate4_V3_GC1_01_11951.mzXML	Volunteer 3 Man 2	Leginside
Plate4_V3_GC2_01_11948.mzXML	Volunteer 3 Man 2	Leginside
Plate4_V3_GC3_01_11949.mzXML	Volunteer 3 Man 2	Leginside
Plate4_V3_GC4_01_11952.mzXML	Volunteer 3 Man 2	Leginside
Plate4_V3_GC5_01_11953.mzXML	Volunteer 3 Man 2	Groin
Plate4_V3_GC6_01_11954.mzXML	Volunteer 3 Man 2	Groin
Plate4_V3_GC7_01_11955.mzXML	Volunteer 3 Man 2	Groin
Plate4_V3_GC8_01_11959.mzXML	Volunteer 3 Man 2	Groin
Plate4_V3_GC9_01_11858.mzXML	Volunteer 3 Man 2	Groin
Plate4_V3_GC10_01_11859.mzXML	Volunteer 3 Man 2	Groin
Plate4_V3_GC11_01_11860.mzXML	Volunteer 3 Man 2	Groin
Plate4_V3_GC12_01_11960.mzXML	Volunteer 3 Man 2	Groin
Plate4_V3_GD1_01_11961.mzXML	Volunteer 3 Man 2	Groin
Plate4_V3_GD2_01_11962.mzXML	Volunteer 3 Man 2	Groin
Plate4_V3_GD3_01_17267.mzXML	Volunteer 3 Man 2	Groin
Plate4_V3_GD4_01_17269.mzXML	Volunteer 3 Man 2	Groin
Plate4_V3_GD5_01_11967.mzXML	Volunteer 3 Man 2	Groin
Plate4_V3_GD6_01_11968.mzXML	Volunteer 3 Man 2	Groin
Plate4_V3_GD7_01_11969.mzXML	Volunteer 3 Man 2	Groin
Plate4_V3_GD8_01_11970.mzXML	Volunteer 3 Man 2	Groin
Plate4_V3_GD9_01_12039.mzXML	Volunteer 3 Man 2	Nates
Plate4_V3_GD10_01_11876.mzXML	Volunteer 3 Man 2	Nates
Plate4_V3_GD11_01_11877.mzXML	Volunteer 3 Man 2	Nates
Plate4_V3_GD12_01_12040.mzXML	Volunteer 3 Man 2	Nates
Plate4_V3_GE1_01_11976.mzXML	Volunteer 3 Man 2	Nates
Plate4_V3_GE2_01_12041.mzXML	Volunteer 3 Man 2	Nates
Plate4_V3_GE3_01_11978.mzXML	Volunteer 3 Man 2	Nates
Plate4_V3_GE4_01_11979.mzXML	Volunteer 3 Man 2	Nates
Plate4_V3_GE5_01_11980.mzXML	Volunteer 3 Man 2	Nates
Plate4_V3_GE6_01_12042.mzXML	Volunteer 3 Man 2	Nates
Plate4_V3_GE7_01_17270.mzXML	Volunteer 3 Man 2	Nates
Plate4_V3_GE8_01_12050.mzXML	Volunteer 3 Man 2	Nates
Plate5_V4_GA5_01_16786.mzXML	Volunteer 4 Woman 2	Handfront
Plate5_V4_GA6_01_16787.mzXML	Volunteer 4 Woman 2	Handfront
Plate5_V4_GA7_01_16780.mzXML	Volunteer 4 Woman 2	Handfront
Plate5_V4_GA8_01_16781.mzXML	Volunteer 4 Woman 2	Handfront
Plate5_V4_GA9_01_16782.mzXML	Volunteer 4 Woman 2	Handfront
Plate5_V4_GA11_01_16784.mzXML	Volunteer 4 Woman 2	Handfront
Plate5_V4_GA12_01_16785.mzXML	Volunteer 4 Woman 2	Handfront
Plate5_V4_GB1_01_16790.mzXML	Volunteer 4 Woman 2	Handfront
Plate5_V4_GB2_01_16791.mzXML	Volunteer 4 Woman 2	Handfront
Plate5_V4_GB3_01_16792.mzXML	Volunteer 4 Woman 2	Handfront
Plate5_V4_GB4_01_16793.mzXML	Volunteer 4 Woman 2	Handfront
Plate5_V4_GB5_01_16794.mzXML	Volunteer 4 Woman 2	Handfront
Plate5_V4_GB6_01_16795.mzXML	Volunteer 4 Woman 2	Handfront
Plate5_V4_GB7_01_16796.mzXML	Volunteer 4 Woman 2	Handfront
Plate5_V4_GB8_01_16797.mzXML	Volunteer 4 Woman 2	Handfront
Plate5_V4_GB9_01_16798.mzXML	Volunteer 4 Woman 2	Handfront
Plate5_V4_GB10_01_16799.mzXML	Volunteer 4 Woman 2	Handfront
Plate5_V4_GB11_01_16800.mzXML	Volunteer 4 Woman 2	Handfront
Plate5_V4_GB12_01_16801.mzXML	Volunteer 4 Woman 2	Handfront
Plate5_V4_GC1_01_16804.mzXML	Volunteer 4 Woman 2	Handfront
Plate5_V4_GC2_01_16805.mzXML	Volunteer 4 Woman 2	Handfront
Plate5_V4_GC3_01_16806.mzXML	Volunteer 4 Woman 2	Handfront
Plate5_V4_GC4_01_16807.mzXML	Volunteer 4 Woman 2	Handfront
Plate5_V4_GC5_01_16808.mzXML	Volunteer 4 Woman 2	Handfront
Plate5_V4_GC6_01_16809.mzXML	Volunteer 4 Woman 2	Handfront
Plate5_V4_GC7_01_16810.mzXML	Volunteer 4 Woman 2	Handfront
Plate5_V4_GC8_01_16811.mzXML	Volunteer 4 Woman 2	Handfront
Plate5_V4_GC9_01_16812.mzXML	Volunteer 4 Woman 2	Handfront
Plate5_V4_GC10_01_16813.mzXML	Volunteer 4 Woman 2	Handfront
Plate5_V4_GC11_01_16814.mzXML	Volunteer 4 Woman 2	Handfront
Plate5_V4_GC12_01_16815.mzXML	Volunteer 4 Woman 2	Handfront
Plate5_V4_GD1_01_16818.mzXML	Volunteer 4 Woman 2	Handfront
Plate5_V4_GD2_01_16819.mzXML	Volunteer 4 Woman 2	Handrear
Plate5_V4_GD3_01_16820.mzXML	Volunteer 4 Woman 2	Handrear
Plate5_V4_GD4_01_16821.mzXML	Volunteer 4 Woman 2	Handrear
Plate5_V4_GD5_01_16822.mzXML	Volunteer 4 Woman 2	Handrear
Plate5_V4_GD6_01_16823.mzXML	Volunteer 4 Woman 2	Handrear
Plate5_V4_GD7_01_16824.mzXML	Volunteer 4 Woman 2	Handrear
Plate5_V4_GD8_01_16825.mzXML	Volunteer 4 Woman 2	Handrear
Plate5_V4_GD9_01_16826.mzXML	Volunteer 4 Woman 2	Handrear
Plate5_V4_GD10_01_16827.mzXML	Volunteer 4 Woman 2	Handrear
Plate5_V4_GD11_01_16828.mzXML	Volunteer 4 Woman 2	Handrear
Plate5_V4_GD12_01_16829.mzXML	Volunteer 4 Woman 2	Handrear
Plate5_V4_GE1_01_16832.mzXML	Volunteer 4 Woman 2	Handrear
Plate5_V4_GE2_01_16833.mzXML	Volunteer 4 Woman 2	Handrear
Plate5_V4_GE3_01_16834.mzXML	Volunteer 4 Woman 2	Handrear
Plate5_V4_GE4_01_16835.mzXML	Volunteer 4 Woman 2	Handrear
Plate5_V4_GE5_01_16836.mzXML	Volunteer 4 Woman 2	Handrear
Plate5_V4_GE6_01_16837.mzXML	Volunteer 4 Woman 2	Handrear
Plate5_V4_GE7_01_16838.mzXML	Volunteer 4 Woman 2	Handrear
Plate5_V4_GE8_01_16839.mzXML	Volunteer 4 Woman 2	Handrear
Plate5_V4_GE9_01_16840.mzXML	Volunteer 4 Woman 2	Handrear
Plate5_V4_GE10_01_16841.mzXML	Volunteer 4 Woman 2	Handrear
Plate5_V4_GE11_01_16842.mzXML	Volunteer 4 Woman 2	Handrear
Plate5_V4_GF1_01_16846.mzXML	Volunteer 4 Woman 2	Handrear
Plate5_V4_GF2_01_16847.mzXML	Volunteer 4 Woman 2	Handrear
Plate5_V4_GF3_01_16848.mzXML	Volunteer 4 Woman 2	Handrear
Plate5_V4_GF4_01_16849.mzXML	Volunteer 4 Woman 2	Handrear
Plate5_V4_GF5_01_16850.mzXML	Volunteer 4 Woman 2	Handrear
Plate5_V4_GF6_01_16851.mzXML	Volunteer 4 Woman 2	Handrear
Plate5_V4_GF7_01_16852.mzXML	Volunteer 4 Woman 2	Handrear
Plate5_V4_GF9_01_16854.mzXML	Volunteer 4 Woman 2	Blank
Plate5_V4_GF10_01_16855.mzXML	Volunteer 4 Woman 2	Foottop
Plate5_V4_GF11_01_16856.mzXML	Volunteer 4 Woman 2	Foottop
Plate5_V4_GF12_01_16857.mzXML	Volunteer 4 Woman 2	Foottop
Plate5_V4_GG1_01_16860.mzXML	Volunteer 4 Woman 2	Foottop
Plate5_V4_GG2_01_16861.mzXML	Volunteer 4 Woman 2	Foottop
Plate5_V4_GG3_01_16862.mzXML	Volunteer 4 Woman 2	Foottop
Plate5_V4_GG4_01_16864.mzXML	Volunteer 4 Woman 2	Foottop
Plate5_V4_GG5_01_16865.mzXML	Volunteer 4 Woman 2	Foottop
Plate5_V4_GG6_01_16866.mzXML	Volunteer 4 Woman 2	Foottop
Plate5_V4_GG7_01_16867.mzXML	Volunteer 4 Woman 2	Foottop
Plate5_V4_GG8_01_16868.mzXML	Volunteer 4 Woman 2	Foottop
Plate5_V4_GG9_01_16870.mzXML	Volunteer 4 Woman 2	Foottop
Plate5_V4_GG10_01_16871.mzXML	Volunteer 4 Woman 2	Foottop
Plate5_V4_GG11_01_16872.mzXML	Volunteer 4 Woman 2	Foottop
Plate5_V4_GG12_01_16874.mzXML	Volunteer 4 Woman 2	Foottop
Plate5_V4_GH1_01_16884.mzXML	Volunteer 4 Woman 2	Foottop
Plate5_V4_GH2_01_16878.mzXML	Volunteer 4 Woman 2	Foottop
Plate5_V4_GH3_01_16885.mzXML	Volunteer 4 Woman 2	Foottop
Plate5_V4_GH4_01_16880.mzXML	Volunteer 4 Woman 2	Foottop
Plate5_V4_GH5_01_16881.mzXML	Volunteer 4 Woman 2	Foottop
Plate5_V4_GH6_01_16882.mzXML	Volunteer 4 Woman 2	Foottop
Plate5_V4_GH7_01_16883.mzXML	Volunteer 4 Woman 2	Foottop
Plate6_V4_GA5_01_16906.mzXML	Volunteer 4 Woman 2	Footbottom
Plate6_V4_GA6_01_16907.mzXML	Volunteer 4 Woman 2	Footbottom
Plate6_V4_GA7_01_16908.mzXML	Volunteer 4 Woman 2	Footbottom
Plate6_V4_GA8_01_16909.mzXML	Volunteer 4 Woman 2	Footbottom
Plate6_V4_GA9_01_16910.mzXML	Volunteer 4 Woman 2	Footbottom
Plate6_V4_GA10_01_16937.mzXML	Volunteer 4 Woman 2	Footbottom
Plate6_V4_GA11_01_16913.mzXML	Volunteer 4 Woman 2	Footbottom
Plate6_V4_GA12_01_16938.mzXML	Volunteer 4 Woman 2	Footbottom
Plate6_V4_GB1_01_16917.mzXML	Volunteer 4 Woman 2	Footbottom
Plate6_V4_GB2_01_16918.mzXML	Volunteer 4 Woman 2	Footbottom
Plate6_V4_GB3_01_16919.mzXML	Volunteer 4 Woman 2	Footbottom
Plate6_V4_GB4_01_16920.mzXML	Volunteer 4 Woman 2	Footbottom
Plate6_V4_GB5_01_16921.mzXML	Volunteer 4 Woman 2	Footbottom
Plate6_V4_GB6_01_16922.mzXML	Volunteer 4 Woman 2	Footbottom
Plate6_V4_GB7_01_16923.mzXML	Volunteer 4 Woman 2	Footbottom
Plate6_V4_GB8_01_16924.mzXML	Volunteer 4 Woman 2	Footbottom
Plate6_V4_GB9_01_16925.mzXML	Volunteer 4 Woman 2	Footbottom
Plate6_V4_GB10_01_16926.mzXML	Volunteer 4 Woman 2	Footbottom
Plate6_V4_GB11_01_16927.mzXML	Volunteer 4 Woman 2	Footbottom
Plate6_V4_GB12_01_16928.mzXML	Volunteer 4 Woman 2	Footbottom
Plate6_V4_GC1_01_16929.mzXML	Volunteer 4 Woman 2	Footbottom
Plate6_V4_GC2_01_16930.mzXML	Volunteer 4 Woman 2	Footbottom
Plate6_V4_GC3_01_16931.mzXML	Volunteer 4 Woman 2	Footbottom
Plate6_V4_GC4_01_16932.mzXML	Volunteer 4 Woman 2	Footbottom
Plate6_V4_GC5_01_16933.mzXML	Volunteer 4 Woman 2	Footbottom
Plate6_V4_GC6_01_16934.mzXML	Volunteer 4 Woman 2	Footbottom
Plate6_V4_GC7_01_16935.mzXML	Volunteer 4 Woman 2	Footbottom
Plate6_V4_GC8_01_16936.mzXML	Volunteer 4 Woman 2	Footbottom
Plate6_V4_GC9_01_16941.mzXML	Volunteer 4 Woman 2	Face
Plate6_V4_GC10_01_16889.mzXML	Volunteer 4 Woman 2	Face
Plate6_V4_GC11_01_16942.mzXML	Volunteer 4 Woman 2	Face
Plate6_V4_GC12_01_16943.mzXML	Volunteer 4 Woman 2	Face
Plate6_V4_GD1_01_16944.mzXML	Volunteer 4 Woman 2	Face
Plate6_V4_GD2_01_16945.mzXML	Volunteer 4 Woman 2	Face
Plate6_V4_GD3_01_16946.mzXML	Volunteer 4 Woman 2	Face
Plate6_V4_GD4_01_16947.mzXML	Volunteer 4 Woman 2	Face
Plate6_V4_GD5_01_16948.mzXML	Volunteer 4 Woman 2	Face
Plate6_V4_GD6_01_16949.mzXML	Volunteer 4 Woman 2	Face
Plate6_V4_GD7_01_16950.mzXML	Volunteer 4 Woman 2	Face
Plate6_V4_GD8_01_16951.mzXML	Volunteer 4 Woman 2	Face
Plate6_V4_GD9_01_16952.mzXML	Volunteer 4 Woman 2	Face
Plate6_V4_GD10_01_16953.mzXML	Volunteer 4 Woman 2	Face
Plate6_V4_GD11_01_16954.mzXML	Volunteer 4 Woman 2	Face
Plate6_V4_GD12_01_16955.mzXML	Volunteer 4 Woman 2	Face
Plate6_V4_GE1_01_16958.mzXML	Volunteer 4 Woman 2	Face
Plate6_V4_GE2_01_16959.mzXML	Volunteer 4 Woman 2	Face
Plate6_V4_GE3_01_16960.mzXML	Volunteer 4 Woman 2	Face
Plate6_V4_GE4_01_16961.mzXML	Volunteer 4 Woman 2	Face
Plate6_V4_GE5_01_16962.mzXML	Volunteer 4 Woman 2	Face
Plate6_V4_GE6_01_16963.mzXML	Volunteer 4 Woman 2	Face
Plate6_V4_GE7_01_16890.mzXML	Volunteer 4 Woman 2	Face
Plate6_V4_GE8_01_16891.mzXML	Volunteer 4 Woman 2	Face
Plate6_V4_GE9_01_16892.mzXML	Volunteer 4 Woman 2	Face
Plate6_V4_GE10_01_16893.mzXML	Volunteer 4 Woman 2	Face
Plate6_V4_GE11_01_16895.mzXML	Volunteer 4 Woman 2	Face
Plate6_V4_GE12_01_16896.mzXML	Volunteer 4 Woman 2	Face
Plate6_V4_GF1_01_16964.mzXML	Volunteer 4 Woman 2	Face
Plate6_V4_GF2_01_16965.mzXML	Volunteer 4 Woman 2	Face
Plate6_V4_GF3_01_16966.mzXML	Volunteer 4 Woman 2	Face
Plate6_V4_GF4_01_16967.mzXML	Volunteer 4 Woman 2	Face
Plate6_V4_GF5_01_16968.mzXML	Volunteer 4 Woman 2	Face
Plate6_V4_GF6_01_16969.mzXML	Volunteer 4 Woman 2	Face
Plate6_V4_GF7_01_16970.mzXML	Volunteer 4 Woman 2	Face
Plate6_V4_GF8_01_16971.mzXML	Volunteer 4 Woman 2	Face
Plate6_V4_GF9_01_16972.mzXML	Volunteer 4 Woman 2	Face
Plate6_V4_GF10_01_16973.mzXML	Volunteer 4 Woman 2	Face
Plate6_V4_GF11_01_16974.mzXML	Volunteer 4 Woman 2	Face
Plate6_V4_GF12_01_16975.mzXML	Volunteer 4 Woman 2	Face
Plate6_V4_GG1_01_16978.mzXML	Volunteer 4 Woman 2	Face
Plate6_V4_GG2_01_16979.mzXML	Volunteer 4 Woman 2	Headside 
Plate6_V4_GG3_01_16980.mzXML	Volunteer 4 Woman 2	Headside 
Plate6_V4_GG4_01_16981.mzXML	Volunteer 4 Woman 2	Headside 
Plate6_V4_GG5_01_16988.mzXML	Volunteer 4 Woman 2	Headside 
Plate6_V4_GG6_01_16983.mzXML	Volunteer 4 Woman 2	Headside 
Plate6_V4_GG7_01_16984.mzXML	Volunteer 4 Woman 2	Headside 
Plate6_V4_GG8_01_16985.mzXML	Volunteer 4 Woman 2	Headside 
Plate6_V4_GG10_01_16989.mzXML	Volunteer 4 Woman 2	Headside 
Plate6_V4_GG11_01_16990.mzXML	Volunteer 4 Woman 2	Headside 
Plate6_V4_GG12_01_16991.mzXML	Volunteer 4 Woman 2	Headside 
Plate6_V4_GH1_01_16994.mzXML	Volunteer 4 Woman 2	Headside 
Plate6_V4_GH2_01_16995.mzXML	Volunteer 4 Woman 2	Headside 
Plate6_V4_GH3_01_16996.mzXML	Volunteer 4 Woman 2	Headside 
Plate6_V4_GH4_01_16997.mzXML	Volunteer 4 Woman 2	Headside 
Plate6_V4_GH5_01_16998.mzXML	Volunteer 4 Woman 2	Headside 
Plate6_V4_GH6_01_16999.mzXML	Volunteer 4 Woman 2	Headside 
Plate6_V4_GH7_01_17000.mzXML	Volunteer 4 Woman 2	Headside 
Plate6_V4_GH8_01_17001.mzXML	Volunteer 4 Woman 2	Headside 
Plate6_V4_GH9_01_17002.mzXML	Volunteer 4 Woman 2	Headside 
Plate6_V4_GH10_01_17003.mzXML	Volunteer 4 Woman 2	Headside 
Plate7_V4_GA5_01_17013.mzXML	Volunteer 4 Woman 2	Headside 
Plate7_V4_GA6_01_17014.mzXML	Volunteer 4 Woman 2	Headside 
Plate7_V4_GA7_01_17015.mzXML	Volunteer 4 Woman 2	Headside 
Plate7_V4_GA8_01_17016.mzXML	Volunteer 4 Woman 2	Headside 
Plate7_V4_GA9_01_17017.mzXML	Volunteer 4 Woman 2	Headside 
Plate7_V4_GA10_01_17018.mzXML	Volunteer 4 Woman 2	Headside 
Plate7_V4_GA11_01_17019.mzXML	Volunteer 4 Woman 2	Headside 
Plate7_V4_GA12_01_17020.mzXML	Volunteer 4 Woman 2	Headside 
Plate7_V4_GB1_01_17023.mzXML	Volunteer 4 Woman 2	Pectoral
Plate7_V4_GB2_01_17024.mzXML	Volunteer 4 Woman 2	Pectoral
Plate7_V4_GB3_01_17025.mzXML	Volunteer 4 Woman 2	Pectoral
Plate7_V4_GB4_01_17026.mzXML	Volunteer 4 Woman 2	Pectoral
Plate7_V4_GB5_01_17027.mzXML	Volunteer 4 Woman 2	Pectoral
Plate7_V4_GB6_01_17028.mzXML	Volunteer 4 Woman 2	Pectoral
Plate7_V4_GB7_01_17031.mzXML	Volunteer 4 Woman 2	Pectoral
Plate7_V4_GB8_01_17030.mzXML	Volunteer 4 Woman 2	Pectoral
Plate7_V4_GB9_01_17032.mzXML	Volunteer 4 Woman 2	Pectoral
Plate7_V4_GB10_01_17033.mzXML	Volunteer 4 Woman 2	Pectoral
Plate7_V4_GB11_01_17034.mzXML	Volunteer 4 Woman 2	Pectoral
Plate7_V4_GB12_01_17035.mzXML	Volunteer 4 Woman 2	Pectoral
Plate7_V4_GC1_01_17038.mzXML	Volunteer 4 Woman 2	Pectoral
Plate7_V4_GC2_01_17039.mzXML	Volunteer 4 Woman 2	Pectoral
Plate7_V4_GC3_01_17040.mzXML	Volunteer 4 Woman 2	Pectoral
Plate7_V4_GC4_01_17041.mzXML	Volunteer 4 Woman 2	Pectoral
Plate7_V4_GC5_01_17042.mzXML	Volunteer 4 Woman 2	Pectoral
Plate7_V4_GC6_01_17043.mzXML	Volunteer 4 Woman 2	Legfront
Plate7_V4_GC7_01_17044.mzXML	Volunteer 4 Woman 2	Legfront
Plate7_V4_GC8_01_17045.mzXML	Volunteer 4 Woman 2	Legfront
Plate7_V4_GC9_01_17046.mzXML	Volunteer 4 Woman 2	Legfront
Plate7_V4_GC10_01_17047.mzXML	Volunteer 4 Woman 2	Legfront
Plate7_V4_GC11_01_17048.mzXML	Volunteer 4 Woman 2	Legfront
Plate7_V4_GC12_01_17049.mzXML	Volunteer 4 Woman 2	Legfront
Plate7_V4_GD1_01_17061.mzXML	Volunteer 4 Woman 2	Legfront
Plate7_V4_GD2_01_17053.mzXML	Volunteer 4 Woman 2	Legfront
Plate7_V4_GD3_01_17054.mzXML	Volunteer 4 Woman 2	Legfront
Plate7_V4_GD4_01_17055.mzXML	Volunteer 4 Woman 2	Legfront
Plate7_V4_GD5_01_17056.mzXML	Volunteer 4 Woman 2	Legfront
Plate7_V4_GD6_01_17057.mzXML	Volunteer 4 Woman 2	Legfront
Plate7_V4_GD7_01_17058.mzXML	Volunteer 4 Woman 2	Legfront
Plate7_V4_GD8_01_17060.mzXML	Volunteer 4 Woman 2	Legfront
Plate7_V4_GD9_01_17062.mzXML	Volunteer 4 Woman 2	Legfront
Plate7_V4_GD10_01_17063.mzXML	Volunteer 4 Woman 2	Legfront
Plate7_V4_GD11_01_17064.mzXML	Volunteer 4 Woman 2	Legfront
Plate7_V4_GD12_01_17065.mzXML	Volunteer 4 Woman 2	Legfront
Plate7_V4_GE1_01_17068.mzXML	Volunteer 4 Woman 2	Legfront
Plate7_V4_GE2_01_17069.mzXML	Volunteer 4 Woman 2	Legfront
Plate7_V4_GE3_01_17070.mzXML	Volunteer 4 Woman 2	Legfront
Plate7_V4_GE4_01_17072.mzXML	Volunteer 4 Woman 2	Legfront
Plate7_V4_GE5_01_17073.mzXML	Volunteer 4 Woman 2	Leginside
Plate7_V4_GE6_01_17074.mzXML	Volunteer 4 Woman 2	Leginside
Plate7_V4_GE7_01_17075.mzXML	Volunteer 4 Woman 2	Leginside
Plate7_V4_GE8_01_17076.mzXML	Volunteer 4 Woman 2	Leginside
Plate7_V4_GE9_01_17077.mzXML	Volunteer 4 Woman 2	Leginside
Plate7_V4_GE10_01_17078.mzXML	Volunteer 4 Woman 2	Leginside
Plate7_V4_GE11_01_17079.mzXML	Volunteer 4 Woman 2	Leginside
Plate7_V4_GE12_01_17080.mzXML	Volunteer 4 Woman 2	Leginside
Plate7_V4_GF1_01_17083.mzXML	Volunteer 4 Woman 2	Leginside
Plate7_V4_GF2_01_17084.mzXML	Volunteer 4 Woman 2	Leginside
Plate7_V4_GF3_01_17085.mzXML	Volunteer 4 Woman 2	Leginside
Plate7_V4_GF4_01_17086.mzXML	Volunteer 4 Woman 2	Leginside
Plate7_V4_GF5_01_17087.mzXML	Volunteer 4 Woman 2	Leginside
Plate7_V4_GF6_01_17088.mzXML	Volunteer 4 Woman 2	Leginside
Plate7_V4_GF7_01_17089.mzXML	Volunteer 4 Woman 2	Leginside
Plate7_V4_GF8_01_17090.mzXML	Volunteer 4 Woman 2	Leginside
Plate7_V4_GF9_01_17091.mzXML	Volunteer 4 Woman 2	Shoulderfront
Plate7_V4_GF10_01_17092.mzXML	Volunteer 4 Woman 2	Shoulderfront
Plate7_V4_GF11_01_17093.mzXML	Volunteer 4 Woman 2	Arm front 
Plate7_V4_GF12_01_17094.mzXML	Volunteer 4 Woman 2	Arm front 
Plate7_V4_GG1_01_17097.mzXML	Volunteer 4 Woman 2	Arm front 
Plate7_V4_GG2_01_17098.mzXML	Volunteer 4 Woman 2	Arm front 
Plate7_V4_GG3_01_17099.mzXML	Volunteer 4 Woman 2	Arm front 
Plate7_V4_GG4_01_17100.mzXML	Volunteer 4 Woman 2	Arm front 
Plate7_V4_GG5_01_17101.mzXML	Volunteer 4 Woman 2	Arm front 
Plate7_V4_GG6_01_17102.mzXML	Volunteer 4 Woman 2	Arm front 
Plate7_V4_GG7_01_17103.mzXML	Volunteer 4 Woman 2	Arm front 
Plate7_V4_GG8_01_17104.mzXML	Volunteer 4 Woman 2	Arm front 
Plate7_V4_GG9_01_17105.mzXML	Volunteer 4 Woman 2	Arm front 
Plate7_V4_GG10_01_17106.mzXML	Volunteer 4 Woman 2	Arm front 
Plate7_V4_GG11_01_17107.mzXML	Volunteer 4 Woman 2	Armpit
Plate7_V4_GG12_01_17108.mzXML	Volunteer 4 Woman 2	Armpit
Plate7_V4_GH1_01_17111.mzXML	Volunteer 4 Woman 2	Armpit
Plate7_V4_GH2_01_17112.mzXML	Volunteer 4 Woman 2	Armpit
Plate7_V4_GH3_01_17113.mzXML	Volunteer 4 Woman 2	Armpit
Plate7_V4_GH4_01_17114.mzXML	Volunteer 4 Woman 2	Armpit
Plate7_V4_GH5_01_17115.mzXML	Volunteer 4 Woman 2	Armpit
Plate7_V4_GH6_01_17116.mzXML	Volunteer 4 Woman 2	Armpit
Plate7_V4_GH7_01_17117.mzXML	Volunteer 4 Woman 2	Armpit
Plate7_V4_GH8_01_17118.mzXML	Volunteer 4 Woman 2	Armpit
Plate7_V4_GH9_01_17119.mzXML	Volunteer 4 Woman 2	Armpit
Plate7_V4_GH10_01_17121.mzXML	Volunteer 4 Woman 2	Armpit
Plate7_V4_GH11_01_17122.mzXML	Volunteer 4 Woman 2	Armpit
Plate7_V4_GH12_01_17123.mzXML	Volunteer 4 Woman 2	Armpit
Plate8_V4_GA5_01_17138.mzXML	Volunteer 4 Woman 2	Armpit
Plate8_V4_GA6_01_17139.mzXML	Volunteer 4 Woman 2	Armpit
Plate8_V4_GA7_01_17140.mzXML	Volunteer 4 Woman 2	Armpit
Plate8_V4_GA8_01_17141.mzXML	Volunteer 4 Woman 2	Armpit
Plate8_V4_GA9_01_17142.mzXML	Volunteer 4 Woman 2	Armpit
Plate8_V4_GA10_01_17143.mzXML	Volunteer 4 Woman 2	Shoulderback
Plate8_V4_GA11_01_17144.mzXML	Volunteer 4 Woman 2	Shoulderback
Plate8_V4_GA12_01_17145.mzXML	Volunteer 4 Woman 2	Shoulderback
Plate8_V4_GB1_01_17148.mzXML	Volunteer 4 Woman 2	Back
Plate8_V4_GB2_01_17149.mzXML	Volunteer 4 Woman 2	Back
Plate8_V4_GB3_01_17150.mzXML	Volunteer 4 Woman 2	Shoulderback
Plate8_V4_GB4_01_17151.mzXML	Volunteer 4 Woman 2	Back
Plate8_V4_GB5_01_17152.mzXML	Volunteer 4 Woman 2	Back
Plate8_V4_GB6_01_17153.mzXML	Volunteer 4 Woman 2	Back
Plate8_V4_GB7_01_17154.mzXML	Volunteer 4 Woman 2	Back
Plate8_V4_GB8_01_17155.mzXML	Volunteer 4 Woman 2	Back
Plate8_V4_GB9_01_17156.mzXML	Volunteer 4 Woman 2	Back
Plate8_V4_GB10_01_17157.mzXML	Volunteer 4 Woman 2	Back
Plate8_V4_GB11_01_17258.mzXML	Volunteer 4 Woman 2	Back
Plate8_V4_GB12_01_17159.mzXML	Volunteer 4 Woman 2	Back
Plate8_V4_GC1_01_17162.mzXML	Volunteer 4 Woman 2	Back
Plate8_V4_GC2_01_17163.mzXML	Volunteer 4 Woman 2	Back
Plate8_V4_GC3_01_17164.mzXML	Volunteer 4 Woman 2	Nates
Plate8_V4_GC4_01_17165.mzXML	Volunteer 4 Woman 2	Nates
Plate8_V4_GC5_01_17166.mzXML	Volunteer 4 Woman 2	Nates
Plate8_V4_GC6_01_17167.mzXML	Volunteer 4 Woman 2	Nates
Plate8_V4_GC7_01_17168.mzXML	Volunteer 4 Woman 2	Nates
Plate8_V4_GC8_01_17169.mzXML	Volunteer 4 Woman 2	Nates
Plate8_V4_GC9_01_17170.mzXML	Volunteer 4 Woman 2	Nates
Plate8_V4_GC10_01_17259.mzXML	Volunteer 4 Woman 2	Nates
Plate8_V4_GC11_01_17172.mzXML	Volunteer 4 Woman 2	Nates
Plate8_V4_GC12_01_17173.mzXML	Volunteer 4 Woman 2	Nates
Plate8_V4_GD1_01_17177.mzXML	Volunteer 4 Woman 2	inter-gluteus
Plate8_V4_GD2_01_17186.mzXML	Volunteer 4 Woman 2	inter-gluteus
Plate8_V4_GD3_01_17179.mzXML	Volunteer 4 Woman 2	inter-gluteus
Plate8_V4_GD4_01_17180.mzXML	Volunteer 4 Woman 2	inter-gluteus
Plate8_V4_GD5_01_17181.mzXML	Volunteer 4 Woman 2	Legback
Plate8_V4_GD6_01_17182.mzXML	Volunteer 4 Woman 2	Legback
Plate8_V4_GD7_01_17183.mzXML	Volunteer 4 Woman 2	Legback
Plate8_V4_GD8_01_17184.mzXML	Volunteer 4 Woman 2	Legback
Plate8_V4_GD9_01_17185.mzXML	Volunteer 4 Woman 2	Legback
Plate8_V4_GD10_01_17187.mzXML	Volunteer 4 Woman 2	Legback
Plate8_V4_GD11_01_17188.mzXML	Volunteer 4 Woman 2	Legback
Plate8_V4_GD12_01_17189.mzXML	Volunteer 4 Woman 2	Legback
Plate8_V4_GE1_01_17192.mzXML	Volunteer 4 Woman 2	Legback
Plate8_V4_GE2_01_17193.mzXML	Volunteer 4 Woman 2	Legback
Plate8_V4_GE3_01_17194.mzXML	Volunteer 4 Woman 2	Legback
Plate8_V4_GE4_01_17195.mzXML	Volunteer 4 Woman 2	Legback
Plate8_V4_GE5_01_17196.mzXML	Volunteer 4 Woman 2	Legback
Plate8_V4_GE6_01_17197.mzXML	Volunteer 4 Woman 2	Legback
Plate8_V4_GE7_01_17198.mzXML	Volunteer 4 Woman 2	Legback
Plate8_V4_GE8_01_17199.mzXML	Volunteer 4 Woman 2	Headtop
Plate8_V4_GE9_01_17200.mzXML	Volunteer 4 Woman 2	Headtop
Plate8_V4_GE10_01_17201.mzXML	Volunteer 4 Woman 2	Headtop
Plate8_V4_GE11_01_17202.mzXML	Volunteer 4 Woman 2	Headtop
Plate8_V4_GE12_01_17203.mzXML	Volunteer 4 Woman 2	Headtop
Plate8_V4_GF1_01_17206.mzXML	Volunteer 4 Woman 2	Breast
Plate8_V4_GF2_01_17207.mzXML	Volunteer 4 Woman 2	Breast
Plate8_V4_GF3_01_17208.mzXML	Volunteer 4 Woman 2	Breast
Plate8_V4_GF4_01_17209.mzXML	Volunteer 4 Woman 2	Breast
Plate8_V4_GF5_01_17210.mzXML	Volunteer 4 Woman 2	Breast
Plate8_V4_GF6_01_17211.mzXML	Volunteer 4 Woman 2	Breast
Plate8_V4_GF7_01_17212.mzXML	Volunteer 4 Woman 2	Breast
Plate8_V4_GF8_01_17213.mzXML	Volunteer 4 Woman 2	Breast
Plate8_V4_GF9_01_17214.mzXML	Volunteer 4 Woman 2	Breast
Plate8_V4_GF10_01_17215.mzXML	Volunteer 4 Woman 2	Groin
Plate8_V4_GF11_01_17216.mzXML	Volunteer 4 Woman 2	Groin
Plate8_V4_GF12_01_17217.mzXML	Volunteer 4 Woman 2	Groin
Plate8_V4_GG1_01_17220.mzXML	Volunteer 4 Woman 2	Groin
Plate8_V4_GG2_01_17221.mzXML	Volunteer 4 Woman 2	Groin
Plate8_V4_GG3_01_17222.mzXML	Volunteer 4 Woman 2	Groin
Plate8_V4_GG4_01_17223.mzXML	Volunteer 4 Woman 2	Groin
Plate8_V4_GG5_01_17224.mzXML	Volunteer 4 Woman 2	Groin
Plate8_V4_GG6_01_17225.mzXML	Volunteer 4 Woman 2	Groin
Plate8_V4_GG7_01_17226.mzXML	Volunteer 4 Woman 2	Groin
Plate8_V4_GG8_01_17227.mzXML	Volunteer 4 Woman 2	Groin
Plate8_V4_GG9_01_17228.mzXML	Volunteer 4 Woman 2	Groin
